ticker,model,features,flips_per_year,long_share,sharpe_0bps,sharpe_1bps,sharpe_2bps,sharpe_5bps,sharpe_10bps,breakeven_bps,buy_and_hold_sharpe
IEUR,MLP,all,92.53125,0.5088541666666667,0.1227892118913292,0.02742205543471104,-0.06618672867056158,-0.33661462873490344,-0.7535898666396094,1.2910125249248061,0.279633079355919
IEUR,LSTM,all,15.75,0.3020833333333333,-0.005504483331156956,-0.021509532506711147,-0.037466362123886335,-0.08504160745064036,-0.16331466281086368,0.0,0.279633079355919
IEUR,MLP,top10,99.48750000000001,0.5552083333333333,0.03927511873896646,-0.06156823997062754,-0.1603457351480202,-0.444511799460231,-0.8789429454495844,0.38702213909225236,0.279633079355919
IEUR,LSTM,top10,7.612500000000001,0.2708333333333333,0.28791981182407966,0.2796932179116641,0.2714755174881975,0.2468775317370084,0.20607507414356913,35.8194254949149,0.279633079355919
FEZ,MLP,all,96.432,0.567,0.00590324514586845,-0.0859302389314884,-0.17598599320011066,-0.4356760415235903,-0.8347003182459745,0.06370079301865061,0.1684671204786544
FEZ,LSTM,all,20.328,0.29933333333333334,0.052020880515839515,0.032317432636645146,0.012686838176878249,-0.04576036751441502,-0.1416466999852366,2.6482796674920372,0.1684671204786544
FEZ,MLP,top10,98.448,0.5353333333333333,-0.12193414584384761,-0.21316030670762298,-0.30257287332506466,-0.5601312267735202,-0.9550042216725605,0.0,0.1684671204786544
FEZ,LSTM,top10,4.536,0.232,0.17784939096705885,0.17329252511039364,0.16873828263783924,0.1550918409256733,0.13240531930597013,39.58135171423827,0.1684671204786544
EUFN,MLP,all,90.636,0.5163333333333333,0.6032581721694769,0.5175817425595758,0.4334426983167889,0.19007326899267746,-0.18642714076268574,7.4651095295763525,0.1483037009453363
EUFN,LSTM,all,22.343999999999998,0.42333333333333334,0.23788252947757094,0.21830569174103695,0.19880605433840093,0.1407753258139934,0.04564720119961586,12.437907784430546,0.1483037009453363
EUFN,MLP,top10,86.77199999999999,0.5213333333333333,0.5425302488420951,0.4615329420445174,0.3819286216947291,0.1513264263885299,-0.2065144952248906,7.059418237355342,0.1483037009453363
EUFN,LSTM,top10,7.224,0.48033333333333333,-0.014527985781653749,-0.020521280099192355,-0.02650791501242274,-0.044427056018557336,-0.0741515909626517,0.0,0.1483037009453363
IVV,MLP,all,81.732,0.612,-0.25929692501421286,-0.34748103561876564,-0.4341788191603786,-0.685407456901078,-1.0749399503878356,0.0,0.6631063545917225
IVV,LSTM,all,1.8479999999999999,0.02266666666666667,-0.5678550599902144,-0.5698331606904845,-0.5718098906239125,-0.5777317062444037,-0.5875725906594119,0.0,0.6631063545917225
IVV,MLP,top10,84.756,0.5853333333333334,-0.13949267401218599,-0.23293748305574416,-0.3247569620237038,-0.590535898907355,-1.0017192825640973,0.0,0.6631063545917225
IVV,LSTM,top10,0.504,0.013666666666666667,-0.7418059585412361,-0.7423372885633714,-0.7428681391751858,-0.7444578044027785,-0.7470975640231565,0.0,0.6631063545917225
