feature,importance
SMCtp_14_50_20_5,0.04906637628797728
SMCbi_14_50_20_5,0.043803258743322394
SMCbp_14_50_20_5,0.0423012305082872
CRSI_3_2_100,0.030250922782806375
BBP_5_2.0_2.0,0.025176823696584933
SMCti_14_50_20_5,0.02372364604765318
BOP,0.0223834913959088
SMCbf_14_50_20_5,0.020866613950864314
THERMO_20_2_0.5,0.020365386312794026
PVR,0.019817436395607776
SMCtf_14_50_20_5,0.014969591776204948
AROONU_14,0.014507226946693494
INC_1,0.014462359584363227
CFO_9,0.01385758358733188
SLOPE_1,0.011163971445482175
BEARP_13,0.011101665473526739
DEC_1,0.010031630802783863
THERMOs_20_2_0.5,0.009298648720963355
PCTRET_1,0.00921781820820127
LOGRET_1,0.008944989469901795
STOCHh_14_3_3,0.008604329523388918
STOCHFk_14_3,0.00804325593792895
WILLR_14,0.006962687542906016
BULLP_13,0.006723384436217387
PDIST,0.005800085288784606
PGO_14,0.005457131460590268
EXHC_DNa,0.005324928361995447
TRUERANGE_1,0.005255809415108107
DMN_14,0.005037206172567216
SMIo_5_20_5_1.0,0.004991414021280508
RVI_14,0.004863956176318079
KVO_34_55_13,0.004849243490368287
AROOND_14,0.00484795407165289
J_9_3,0.004820543734215768
STOCHk_14_3_3,0.004645698931751389
QS_10,0.004602335815185818
AR_26,0.004591319960099735
UO_7_14_28,0.004536108705739901
DMP_14,0.004529573008433459
ER_10,0.0045272472827745614
TSVr_18_10,0.00440123831752927
BBB_5_2.0_2.0,0.0043985357923411825
THERMOma_20_2_0.5,0.004394709802879459
CMO_14,0.004357035079618738
PVOh_12_26_9,0.004354984143850065
VHF_28,0.004336157873406284
FISHERTs_9_1,0.004328167392589537
STOCHd_14_3_3,0.0043102309696865185
VTXP_14,0.004295448753293627
RWIh_14,0.0042676146052071495
K_9_3,0.004239022276160166
CG_10,0.004217881805170299
VTXM_14,0.0042151731902423835
ADOSC_3_10,0.004211222741605778
STOCHFd_14_3,0.004159970313129098
EFI_13,0.0041234653080373385
CCI_14_0.015,0.00411596922665451
RVGIs_14_4,0.0040068720306350395
SKEW_30,0.004002123852223214
ADXR_14_2,0.003992317211042489
PVOL,0.003973628346620992
MAD_30,0.003968375724430848
RVGI_14_4,0.00395813078478344
KURT_30,0.003948938152882986
PVO_12_26_9,0.003942664828694908
RWIl_14,0.003940508723412392
CTI_12,0.003918008034301001
ZS_30,0.0039161406248429545
CMF_20,0.003915588188855302
PPOh_12_26_9,0.003898616066518711
PVI,0.0038905322242045277
CHOP_14_1_100.0,0.0038852096978192648
VAR_30,0.003755907238249008
RSX_14,0.0037516147603092165
HWW_1,0.003689415993007251
TSVs_18_10,0.0036762245808182126
MFI_14,0.0036647456035999028
MACDh_12_26_9,0.003630751758482492
BR_26,0.0036291023048146184
TRENDFLEX_20_20_0.04,0.0036203038189980994
STDEV_30,0.003612689752418822
FISHERT_9_1,0.0036087222191441854
INERTIA_20_14,0.0035939500308288376
ATRr_14,0.0035890562742405944
STOCHRSId_14_14_3_3,0.0035835722319898593
TMO_14_5_3,0.003516160186960081
Volume,0.003511779820774991
MASSI_9_25,0.003511778020124558
EOM_14_100000000,0.0035065435161132064
AROONOSC_14,0.003506455129636325
PVOs_12_26_9,0.003480606377245098
PVT,0.00347421497873226
RSI_14,0.0034654159346973763
UI_14,0.0034394966162200717
STOCHRSIk_14_14_3_3,0.003433148727708059
TRIXs_30_9,0.0034329891756872816
TSV_18_10,0.0034295290142603756
PVIe_255,0.0034278664976021707
ADX_14,0.003379169097293
ROC_10,0.003320808740461336
ABER_ATR_5_15,0.003314358191061786
TMOs_14_5_3,0.003298551041014722
BIAS_SMA_26,0.003296942884196915
D_9_3,0.0032214619305616795
APO_12_26,0.0032137472897478345
TRIX_30_9,0.003200196687944311
SQZ_20_2.0_20_1.5,0.0031995385835991096
TSIs_13_25_13,0.003188350872938775
PPOs_12_26_9,0.0031737368398699643
KVOs_34_55_13,0.0031686942811752178
SMIs_5_20_5_1.0,0.003119527935584742
MOM_10,0.003098154530812725
ENTP_10,0.0030531987410584533
SQZPRO_20_2.0_20_2.0_1.5_1.0,0.0030508959409363936
NATR_14,0.0030094806906052485
AD,0.003003456040902047
QQE_14_5_4.236_RSIMA,0.003000358525212045
QQE_14_5_4.236,0.002983334880906529
SMI_5_20_5_1.0,0.002961121243729163
OBV,0.0029606661081284895
PPO_12_26_9,0.0029323677802418086
OBV_max_2,0.0028910699013985075
KSTs_9,0.00284374619099971
COPC_11_14_10,0.0028425464316341326
EXHC_UPa,0.0028351106951259803
OBV_min_2,0.002833118486640514
OBVe_4,0.0028124500765714967
AO_5_34,0.002798750568821024
Adj Close,0.002795516766134622
QQEs_14_5_4.236,0.0027818902644336273
QQEl_14_5_4.236,0.0027594309710060444
NVI_1,0.002695505657392839
TSI_13_25_13,0.0026770056364400284
STC_10_12_26_0.5,0.0026192385405526377
OBVe_12,0.002544830321213008
MACD_12_26_9,0.0024612781504643063
MACDs_12_26_9,0.002428528395794278
KST_10_15_20_30_10_10_10_15,0.0023259453517568947
STCmacd_10_12_26_0.5,0.002255954624905505
STCstoch_10_12_26_0.5,0.002236157811928217
AOBV_SR_2,0.002061207189216671
PSL_12,0.0020396265171643835
PIVOTS_TRAD_D_R3,0.002032167136593381
ISA_9,0.0019867488822996188
ISB_26,0.001962902638462558
CHDLREXTs_22_22_14_2.0,0.001876048075265519
PIVOTS_TRAD_D_S4,0.0018655967592875694
PIVOTS_TRAD_D_R2,0.0017567123237567483
SMChv_14_50_20_5,0.0017219101852076987
HWL_1,0.00170356331261644
HT_TL,0.001702747979430581
PIVOTS_TRAD_D_R4,0.001613317974033712
High,0.001499927021434547
HWMA_0.2_0.1_0.1,0.0014994840564925742
ACCBL_20,0.0014985046939348103
SUPERT_7_3.0,0.0014917950118782453
CHDLREXTl_22_22_14_2.0,0.0014786355437780133
VIDYA_14,0.0014651424347420323
SUPERTl_7_3.0,0.001462190898281071
PIVOTS_TRAD_D_S3,0.0014431211711448527
BBL_5_2.0_2.0,0.0014423090672936597
PSARaf_0.02_0.2,0.0014378179045384477
HWU_1,0.0014317328495139633
AOBV_LR_2,0.001425550745691841
SINWMA_14,0.0014251651085770887
BBU_5_2.0_2.0,0.001420150129292876
LINREG_14,0.0014150125869758442
PIVOTS_TRAD_D_S2,0.0014070656826775216
HLC3,0.001404405406477114
ACCBU_20,0.001401198552773959
MIDPOINT_2,0.001399015761261368
WCP,0.0013938209117880455
PIVOTS_TRAD_D_S1,0.0013922568036364943
HMA_10,0.0013861327294215
Close,0.001383694415145179
PIVOTS_TRAD_D_P,0.0013833797103476736
TEMA_10,0.001360592195628979
HWM_1,0.0013598010981461764
Open,0.001335227740395707
CKSPl_10_3_20,0.0013319446118496064
KCUe_20_2,0.0013284651980988188
BBM_5_2.0_2.0,0.001320299479267499
FAMA_0.5_0.05,0.0013201500607779523
IKS_26,0.0013185708685248593
OHLC4,0.001301080554435485
PSARs_0.02_0.2,0.0012940015508463108
PIVOTS_TRAD_D_R1,0.0012932343323861393
HILOl_13_21,0.0012820207914739875
PWMA_10,0.0012600126426779235
QTL_30_0.5,0.0012309606971186169
KCLe_20_2,0.0012176050827300727
HILO_13_21,0.0012175712308971373
Low,0.001216880241346109
AMATe_SR_8_21_2,0.0012135431180191876
SSF3_20,0.0012085699532777463
T3_10_0.7,0.0011986310479084395
VWAP_D,0.0011962763617335778
SUPERTs_7_3.0,0.0011951048222513126
AGj_13_8_5,0.0011940259437133794
PSARl_0.02_0.2,0.0011915481021557966
ALMA_9_6.0_0.85,0.0011624898162853913
CKSPs_10_3_20,0.0011534446089203896
TRIMA_10,0.0011508662351961926
ABER_SG_5_15,0.0011476113675614214
MAMA_0.5_0.05,0.0011378676084454207
MEDIAN_30,0.0011325827869589384
RMA_10,0.0011281793584447769
HILOs_13_21,0.001127955394854794
SSF_20,0.0011156412720649408
HL2,0.0010901339465595131
SMA_10,0.0010869153205696476
WMA_10,0.0010861189633897903
ATRTSe_14_20_3.0,0.001084189089824986
DCU_20_20,0.0010819579077053242
MCGD_10,0.0010710061812660653
ZL_EMA_10,0.001065695942279975
ACCBM_20,0.0010644669192785845
VWMA_10,0.0010642966418218896
JMA_7_0.0,0.0010397661000456511
DEMA_10,0.0010381835481075468
DCM_20_20,0.0010380906670588164
SWMA_10,0.001033556189172119
KCBe_20_2,0.0010240339554112648
KAMA_10_2_30,0.0010199395824277793
LDECAY_1,0.0010159468995951859
MIDPRICE_2,0.0010079507860526959
AGl_13_8_5,0.0010016501516725792
ABER_ZG_5_15,0.0009910772173883848
SMMA_7,0.0009840976935799862
AGt_13_8_5,0.0009767340192012247
EMA_10,0.000967858193120374
FWMA_10,0.0009526230796134028
DCL_20_20,0.0009485024820509974
ALPHAT_14_1_50,0.0009274987900978534
ABER_XG_5_15,0.0009126471418115198
THERMOl_20_2_0.5,0.0008370425224162686
ITS_9,0.0008321783333113649
ALPHATl_14_1_50_2,0.0007789216586779889
AMATe_LR_8_21_2,0.0005452142426593181
PSARr_0.02_0.2,0.0003587253229061483
SQZPRO_ON_WIDE,0.0002899977962972214
SQZPRO_OFF,0.0002371219631594143
CHDLREXTd_22_22_14_2.0,0.0002328299014880728
SQZ_OFF,0.0001663434354644902
SUPERTd_7_3.0,0.0001586496030153641
SQZ_ON,0.00014912286010613585
SQZPRO_ON_NORMAL,0.0001396828350822994
SQZPRO_ON_NARROW,8.815950391620655e-06
TMOM_14_5_3,0.0
SQZPRO_NO,0.0
SQZ_NO,0.0
TMOMs_14_5_3,0.0
HWPCT_1,0.0
