fold,train_start,train_end,test_start,test_end,n_test,accuracy,hit_rate,mean_return,sharpe
1,2015-06-16,2018-06-06,2018-06-07,2018-11-26,120,0.5,0.49166666666666664,0.0002655881457801712,0.4523377646804841
2,2015-06-16,2018-11-26,2018-11-27,2019-05-21,120,0.525,0.5083333333333333,0.00041456696998144933,0.7655760654797442
3,2015-06-16,2019-05-21,2019-05-22,2019-11-08,120,0.43333333333333335,0.43333333333333335,-0.0005303981236874801,-1.031934086527703
4,2015-06-16,2019-11-08,2019-11-11,2020-05-04,120,0.475,0.4666666666666667,0.0012540333211988265,0.7533459650230124
5,2015-06-16,2020-05-04,2020-05-05,2020-10-22,120,0.44166666666666665,0.44166666666666665,-0.0006281353573558449,-0.7237080939936181
6,2015-06-16,2020-10-22,2020-10-23,2021-04-16,120,0.5666666666666667,0.5666666666666667,0.0008079977361214195,1.206320286491324
7,2015-06-16,2021-04-16,2021-04-19,2021-10-06,120,0.48333333333333334,0.48333333333333334,-0.0008859931662345222,-1.648072245994348
8,2015-06-16,2021-10-06,2021-10-07,2022-03-29,120,0.5166666666666667,0.5083333333333333,0.0009074343393788876,1.0721395928513204
9,2015-06-16,2022-03-29,2022-03-30,2022-09-20,120,0.4583333333333333,0.44166666666666665,0.0006772695256362065,0.6967442692397707
10,2015-06-16,2022-09-20,2022-09-21,2023-03-14,120,0.5083333333333333,0.5083333333333333,0.0005485049599396969,0.5915731842746564
11,2015-06-16,2023-03-14,2023-03-15,2023-09-05,120,0.44166666666666665,0.44166666666666665,-4.760172785830038e-05,-0.08265644817776445
12,2015-06-16,2023-09-05,2023-09-06,2024-02-27,120,0.48333333333333334,0.48333333333333334,-0.0009141835030051384,-1.6771681560840104
13,2015-06-16,2024-02-27,2024-02-28,2024-08-19,120,0.4666666666666667,0.4666666666666667,-0.0006506762856323484,-1.1897343919272156
14,2015-06-16,2024-08-19,2024-08-20,2025-02-11,120,0.525,0.525,0.0005730105032955735,1.058509102731023
15,2015-06-16,2025-02-11,2025-02-12,2025-08-05,120,0.5833333333333334,0.575,-0.0003484041019044676,-0.4084663573514084
16,2015-06-16,2025-08-05,2025-08-06,2026-01-27,120,0.5083333333333333,0.5083333333333333,0.0002723328347691956,0.6004917116565607
