,variance
INC_1,0.24802393843570186
DEC_1,0.24785641846206286
AOBV_LR_2,0.24744870787833284
AOBV_SR_2,0.24744870787833284
SUPERTd_7_3.0,0.23851069148200377
AMATe_SR_8_21_2,0.23084184954994086
AMATe_LR_8_21_2,0.23084184954994086
SQZPRO_ON_WIDE,0.21502115537952818
SQZPRO_OFF,0.21502115537952818
CHDLREXTd_22_22_14_2.0,0.2053976890467959
THERMOs_20_2_0.5,0.18637470058754008
SMCbf_14_50_20_5,0.17417729154515574
STC_10_12_26_0.5,0.15729396936094137
STCstoch_10_12_26_0.5,0.1399897406312281
AROOND_14,0.130714326560736
AROONU_14,0.1275882124837791
PVR,0.12535886276311345
SMChv_14_50_20_5,0.11623223378211156
SMCtf_14_50_20_5,0.11375125286064791
CTI_12,0.1061435050424434
STOCHRSIk_14_14_3_3,0.10608526339446799
AROONOSC_14,0.10193903249045824
PSARaf_0.02_0.2,0.09777434819778837
STOCHRSId_14_14_3_3,0.09709569122618336
STOCHFk_14_3,0.0931111527211947
WILLR_14,0.0931111527211947
PSARr_0.02_0.2,0.09267137529246898
TMO_14_5_3,0.08605508468282069
BBP_5_2.0_2.0,0.08300768842832731
EXHC_UPa,0.08289904069861509
STOCHk_14_3_3,0.08195494808773186
STOCHFd_14_3,0.08195494808773186
TMOs_14_5_3,0.08086693308238715
STOCHd_14_3_3,0.07912587694283446
BOP,0.07459052884879672
SQZPRO_ON_NORMAL,0.0733659960205074
SQZ_OFF,0.0733659960205074
SQZ_ON,0.0733659960205074
CRSI_3_2_100,0.07306649930960922
K_9_3,0.06766959780700614
J_9_3,0.06444326586414892
THERMOl_20_2_0.5,0.06340681561585466
D_9_3,0.06139933179825763
ER_10,0.054408253534336495
QQEs_14_5_4.236,0.04857483096956843
TSIs_13_25_13,0.04582273169206462
MACDs_12_26_9,0.041925911355918805
TSI_13_25_13,0.0416589363397113
SMIs_5_20_5_1.0,0.040180159536083414
STDEV_30,0.03935782099153923
CMF_20,0.03899034996225861
TRIXs_30_9,0.0382584524250156
TRIX_30_9,0.03782650834875267
RVGIs_14_4,0.03643320628247712
ABER_ATR_5_15,0.036016963131751845
QQEl_14_5_4.236,0.03601591745551648
MACD_12_26_9,0.035995775659620456
STCmacd_10_12_26_0.5,0.035995775659620456
PVIe_255,0.035650916499802794
VAR_30,0.03563150219437773
KVOs_34_55_13,0.035090138653244604
ZS_30,0.035083186850531155
EXHC_DNa,0.03494945260603101
HWW_1,0.03473738603554761
INERTIA_20_14,0.03450406328274422
MAD_30,0.03439600746561247
ATRr_14,0.03419354681693208
RVGI_14_4,0.03401168454509971
SMI_5_20_5_1.0,0.033997809326997364
RSX_14,0.03378297248024681
PSL_12,0.033155328555047145
QQE_14_5_4.236,0.032943468518411276
DMP_14,0.032919967316877345
MFI_14,0.03201733772936611
UO_7_14_28,0.031975532116218314
ADXR_14_2,0.031483123395849084
SMCbp_14_50_20_5,0.03131504090296363
ADX_14,0.031114104596585052
APO_12_26,0.03039192528369186
CCI_14_0.015,0.03036548246355057
PIVOTS_TRAD_D_R3,0.0303385676229664
PIVOTS_TRAD_D_R4,0.0303385676229664
VTXM_14,0.02988501631962924
AO_5_34,0.028961412496838757
THERMOma_20_2_0.5,0.028358846036749135
SQZ_20_2.0_20_1.5,0.02818939215705549
SQZPRO_20_2.0_20_2.0_1.5_1.0,0.02818939215705549
PVOs_12_26_9,0.027676249703924724
RWIh_14,0.02757595625001384
QS_10,0.027256272596174944
FISHERTs_9_1,0.027089268378074658
FISHERT_9_1,0.027086386944863542
CHOP_14_1_100.0,0.027076695792736756
VHF_28,0.02653178382023235
AR_26,0.026167228977265623
SMCtp_14_50_20_5,0.025331344625207863
MASSI_9_25,0.025099263887649055
OBVe_12,0.024772489996547076
KSTs_9,0.024701880265130313
MACDh_12_26_9,0.02463148277015877
TSVr_18_10,0.0242807087594809
PVO_12_26_9,0.02421323484392158
OBV_min_2,0.024063316335011662
OBVe_4,0.024040061257029142
OBV_max_2,0.023807220270233333
KST_10_15_20_30_10_10_10_15,0.02357368321780704
SMIo_5_20_5_1.0,0.023518038123094977
OBV,0.023446555537831787
STOCHh_14_3_3,0.023233045584744257
TSVs_18_10,0.023174637378844152
PVT,0.02274398234843492
UI_14,0.022610889874498333
ADOSC_3_10,0.022463049723622116
KVO_34_55_13,0.022179412909187065
BULLP_13,0.021373650572517604
RWIl_14,0.021349348855045292
SKEW_30,0.020935753718377994
RVI_14,0.020278388334874477
BR_26,0.020131289375366374
MOM_10,0.019969727956721594
PVOh_12_26_9,0.019023576998674397
QQE_14_5_4.236_RSIMA,0.018940548520112826
RSI_14,0.018935358144645757
CMO_14,0.018935358144645753
VTXP_14,0.018035364473578484
PVOL,0.017458899170223023
PPOs_12_26_9,0.017299449460540482
PGO_14,0.017159936317199545
PPOh_12_26_9,0.016937930522229704
TSV_18_10,0.01689296474616046
COPC_11_14_10,0.015574707432331759
PPO_12_26_9,0.015414525198908973
HWL_1,0.015031508170088151
TRENDFLEX_20_20_0.04,0.014787730056954185
EOM_14_100000000,0.01463026368239611
NATR_14,0.014583303397269834
ENTP_10,0.014176908699588882
SLOPE_1,0.013814549740316687
ACCBL_20,0.01338743008830538
BBB_5_2.0_2.0,0.013375432620623998
BBL_5_2.0_2.0,0.01298137117985417
KCLe_20_2,0.012842027427501101
HWM_1,0.01247342499799349
HWMA_0.2_0.1_0.1,0.01247342499799349
SMCti_14_50_20_5,0.01244143061796915
HILOs_13_21,0.012424093687378457
SUPERTs_7_3.0,0.012083834145635984
ABER_XG_5_15,0.011652202684342633
HILO_13_21,0.011537486342273163
DMN_14,0.01124081706061289
CG_10,0.01115855962794581
ROC_10,0.01112604086073099
BIAS_SMA_26,0.011051813029319206
KURT_30,0.01097894884080911
DCL_20_20,0.010976593439832623
T3_10_0.7,0.01096027355150639
BEARP_13,0.010917523947293204
Open,0.01083520433056731
PSARs_0.02_0.2,0.01078246307556783
HILOl_13_21,0.010775667183517967
VWMA_10,0.010633902487404444
LINREG_14,0.010565203597059158
CKSPl_10_3_20,0.010537777290012226
DEMA_10,0.01053360828621734
SMA_10,0.010486849553069992
HT_TL,0.01046824785577747
SSF3_20,0.010451608386594015
MCGD_10,0.01041921731390875
SINWMA_14,0.010414481656488514
OHLC4,0.0104035378002803
JMA_7_0.0,0.010370474971081456
SSF_20,0.010363554970987046
HMA_10,0.01036149811026134
TEMA_10,0.010325703802058226
TRIMA_10,0.01032359282983372
ACCBM_20,0.010315769134571075
WMA_10,0.010306742887671387
SWMA_10,0.010303032052356161
MIDPRICE_2,0.01029860394019699
HL2,0.010282554472639075
HLC3,0.010263179443869615
VWAP_D,0.010263179443869615
PIVOTS_TRAD_D_P,0.01026281792506467
ZL_EMA_10,0.010245187571819999
ABER_ZG_5_15,0.010241007217525881
WCP,0.010218369433179317
ALMA_9_6.0_0.85,0.010215685440997446
MIDPOINT_2,0.010214432980724433
PWMA_10,0.010199839404630838
Close,0.010178779876159392
BBM_5_2.0_2.0,0.010167179528577793
HWU_1,0.01016714883950367
FWMA_10,0.010130897664197098
AGl_13_8_5,0.010104740848512102
EMA_10,0.010080415796326233
Volume,0.010057914204571007
SMMA_7,0.010051168249498301
AGt_13_8_5,0.010017705061480768
SMCbi_14_50_20_5,0.01000236139326855
ITS_9,0.009976174177734519
EFI_13,0.009916070504422118
RMA_10,0.009897261045947979
QTL_30_0.5,0.00987585062109216
MEDIAN_30,0.00987585062109216
KCBe_20_2,0.009863792587280165
SUPERT_7_3.0,0.009790423229782347
ALPHATl_14_1_50_2,0.0097836798290443
ALPHAT_14_1_50,0.0097836798290443
KAMA_10_2_30,0.009783495261261318
High,0.009761550350702792
ISA_9,0.009717834466148711
PIVOTS_TRAD_D_R2,0.009676076457194396
AGj_13_8_5,0.009673432747630932
PIVOTS_TRAD_D_R1,0.009595297183751093
DCM_20_20,0.009458183338518795
IKS_26,0.009450177646319563
CHDLREXTs_22_22_14_2.0,0.009163877721483598
CKSPs_10_3_20,0.00914573185166202
CHDLREXTl_22_22_14_2.0,0.009120173696051209
ATRTSe_14_20_3.0,0.009030066899271398
ISB_26,0.008965194207709571
ABER_SG_5_15,0.008903994162707627
PIVOTS_TRAD_D_S1,0.008864452837525726
Adj Close,0.008282576114218416
LDECAY_1,0.008156904680610894
PSARl_0.02_0.2,0.008067026474718141
BBU_5_2.0_2.0,0.007989229993089228
ACCBU_20,0.0077863312780822105
Low,0.007491953531678293
KCUe_20_2,0.007424562100574622
CFO_9,0.00710973358382404
DCU_20_20,0.006829214274214663
SUPERTl_7_3.0,0.0067724594482936225
PIVOTS_TRAD_D_S2,0.006675825077953818
PVI,0.006501210684295232
PCTRET_1,0.00608843475191303
LOGRET_1,0.006087794212524243
PIVOTS_TRAD_D_S4,0.00559311236499259
PIVOTS_TRAD_D_S3,0.00559311236499259
TRUERANGE_1,0.004888845311859178
MAMA_0.5_0.05,0.004259646764664638
THERMO_20_2_0.5,0.0032231966604556565
PDIST,0.0030141107403117468
FAMA_0.5_0.05,0.0028762368939298007
SQZPRO_ON_NARROW,0.0028482440266489563
VIDYA_14,0.001809825665841977
AD,0.00047675555889339374
NVI_1,0.00034696660927098873
HWPCT_1,2.240115594772104e-31
SQZPRO_NO,0.0
SQZ_NO,0.0
TMOMs_14_5_3,0.0
TMOM_14_5_3,0.0
