feature_1,feature_2,correlation
PIVOTS_TRAD_D_S3,PIVOTS_TRAD_D_S4,1.0
HLC3,VWAP_D,1.0
AMATe_LR_8_21_2,AMATe_SR_8_21_2,1.0
HWMA_0.2_0.1_0.1,HWM_1,1.0
AOBV_LR_2,AOBV_SR_2,1.0
PIVOTS_TRAD_D_R3,PIVOTS_TRAD_D_R4,1.0
STOCHk_14_3_3,STOCHFd_14_3,1.0
MACD_12_26_9,STCmacd_10_12_26_0.5,1.0
SQZ_ON,SQZPRO_ON_NORMAL,1.0
SQZ_OFF,SQZPRO_ON_NORMAL,1.0
SQZPRO_ON_WIDE,SQZPRO_OFF,1.0
SQZ_20_2.0_20_1.5,SQZPRO_20_2.0_20_2.0_1.5_1.0,1.0
CMO_14,RSI_14,1.0
STOCHFk_14_3,WILLR_14,1.0
SQZ_ON,SQZ_OFF,1.0
MEDIAN_30,QTL_30_0.5,1.0
RMA_10,KCBe_20_2,0.9999142922432142
HLC3,WCP,0.9998753243432373
WCP,VWAP_D,0.9998753243432372
AGl_13_8_5,EMA_10,0.9997924148765962
HL2,OHLC4,0.9997196656491749
ABER_ZG_5_15,BBM_5_2.0_2.0,0.9996999192777475
ALMA_9_6.0_0.85,BBM_5_2.0_2.0,0.999689005065344
HLC3,OHLC4,0.9996169325407459
OHLC4,VWAP_D,0.9996169325407457
ALMA_9_6.0_0.85,ABER_ZG_5_15,0.9995947068523958
HL2,HLC3,0.9995284076365708
HL2,VWAP_D,0.9995284076365708
SWMA_10,TRIMA_10,0.9994599089597177
AGt_13_8_5,SMMA_7,0.9994435561201779
ABER_ATR_5_15,ATRr_14,0.9993965843145628
OHLC4,WCP,0.9991958202139731
Close,WCP,0.9989456123811963
HL2,WCP,0.9989333150282776
ABER_ZG_5_15,ABER_XG_5_15,0.9989025809989254
MCGD_10,RMA_10,0.9988848439006116
SSF3_20,TRIMA_10,0.9988586421933277
TEMA_10,ZL_EMA_10,0.9988220835808391
AGl_13_8_5,WMA_10,0.9987652620692994
PWMA_10,SWMA_10,0.9987300335056266
SMA_10,TRIMA_10,0.9986633867479389
MCGD_10,KCBe_20_2,0.9985715180573299
ABER_ZG_5_15,ABER_SG_5_15,0.9985636242569456
SMA_10,SWMA_10,0.9985197211943896
ABER_XG_5_15,BBM_5_2.0_2.0,0.9985126017681405
EMA_10,SMMA_7,0.998468520719169
ALMA_9_6.0_0.85,ABER_XG_5_15,0.9984300683428549
SSF_20,SSF3_20,0.9984272072792266
DEMA_10,FWMA_10,0.9983941851759792
ABER_SG_5_15,BBM_5_2.0_2.0,0.998380247756601
SSF_20,TRIMA_10,0.9983572802113649
AGt_13_8_5,RMA_10,0.9983433547404549
SMA_10,VWMA_10,0.9983340155183424
SMA_10,SSF_20,0.9983303074063331
HMA_10,ZL_EMA_10,0.9983115778597271
OBV_max_2,OBVe_4,0.9983043837155843
AGt_13_8_5,MCGD_10,0.9982669320290364
ALMA_9_6.0_0.85,ABER_SG_5_15,0.9982462754579469
AGj_13_8_5,KCBe_20_2,0.9982271260387321
OBV_min_2,OBV_max_2,0.9981671945105625
Close,HLC3,0.9981189025427096
Close,VWAP_D,0.9981189025427093
SINWMA_14,SSF_20,0.9980319192599787
JMA_7_0.0,ZL_EMA_10,0.9980044047417881
High,OHLC4,0.9979968632920794
OBV,OBV_min_2,0.9979208249110867
SMA_10,SSF3_20,0.9978547861708685
FWMA_10,ZL_EMA_10,0.9978271541090138
MIDPOINT_2,OHLC4,0.9978235399982507
EMA_10,WMA_10,0.9978205794899668
High,HL2,0.9977131345982834
PWMA_10,TRIMA_10,0.997612952512132
SSF3_20,T3_10_0.7,0.9975838077287775
SSF_20,T3_10_0.7,0.9975523041734458
AGt_13_8_5,KCBe_20_2,0.9975173836279173
SINWMA_14,T3_10_0.7,0.9974974514928269
SSF3_20,SWMA_10,0.9974874377656793
FWMA_10,JMA_7_0.0,0.9974798542382629
High,HLC3,0.9973806598401261
High,VWAP_D,0.9973806598401258
FWMA_10,BBM_5_2.0_2.0,0.997376159542541
OBV,OBV_max_2,0.9973718617215089
AGj_13_8_5,RMA_10,0.9973706946161166
HLC3,MIDPOINT_2,0.9973514486948387
MIDPOINT_2,VWAP_D,0.9973514486948385
DEMA_10,BBM_5_2.0_2.0,0.9973494252214986
WMA_10,ABER_ZG_5_15,0.9973365757053705
HL2,MIDPOINT_2,0.9972190760506298
HMA_10,TEMA_10,0.9972148810514567
MIDPOINT_2,MIDPRICE_2,0.9972093200933823
SINWMA_14,SSF3_20,0.9971901384078248
AGl_13_8_5,SMMA_7,0.9971699111108833
SSF_20,SWMA_10,0.9971497310688765
OBV_min_2,OBVe_4,0.9971288242890695
MIDPOINT_2,WCP,0.9970740140390356
DEMA_10,ZL_EMA_10,0.9970508392606061
PIVOTS_TRAD_D_P,PIVOTS_TRAD_D_R1,0.9969914738758553
DEMA_10,JMA_7_0.0,0.9969222379733838
LOGRET_1,PCTRET_1,0.996913614017928
Open,OHLC4,0.9968791703380252
High,WCP,0.9968745389419927
WMA_10,BBM_5_2.0_2.0,0.996864263490522
EMA_10,SMA_10,0.996840968316132
ALMA_9_6.0_0.85,WMA_10,0.9968167101982524
JMA_7_0.0,TEMA_10,0.996761804747806
SWMA_10,VWMA_10,0.9967048094373443
SMMA_7,SSF_20,0.9966661162014602
Close,OHLC4,0.9966614483677675
MIDPRICE_2,ZL_EMA_10,0.9965992231984686
MIDPOINT_2,ZL_EMA_10,0.9965702182241661
ALMA_9_6.0_0.85,DEMA_10,0.9965680799692692
HMA_10,JMA_7_0.0,0.996548053867581
DEMA_10,TEMA_10,0.9965230788879459
MIDPOINT_2,TEMA_10,0.9964834206119835
High,MIDPOINT_2,0.9964521295702512
MCGD_10,SMMA_7,0.9964400842942251
WMA_10,ABER_XG_5_15,0.9964295106334028
DEMA_10,ABER_ZG_5_15,0.9964157075467781
DEC_1,INC_1,0.996341096683383
SMA_10,SMMA_7,0.9963348402305602
ALMA_9_6.0_0.85,FWMA_10,0.9963314282732532
DEMA_10,LINREG_14,0.9962812554057626
FWMA_10,ABER_ZG_5_15,0.9962664494884539
JMA_7_0.0,BBM_5_2.0_2.0,0.9962433374289441
FWMA_10,TEMA_10,0.9961841599486797
Open,HL2,0.9961615706904337
EMA_10,VWMA_10,0.9961279760571257
AGl_13_8_5,SMA_10,0.9961100553627927
AGt_13_8_5,EMA_10,0.9961062900540089
TRIMA_10,VWMA_10,0.9961012933930207
MIDPRICE_2,PIVOTS_TRAD_D_P,0.995982173548539
MCGD_10,KCLe_20_2,0.9959691336153585
AGl_13_8_5,VWMA_10,0.9959514564306461
WMA_10,VWMA_10,0.9959317441317396
RMA_10,SMMA_7,0.9959121296469605
AGt_13_8_5,SSF_20,0.9959039368778992
Open,High,0.9959036980299038
HL2,MIDPRICE_2,0.9958826701880259
Close,HL2,0.9958390502634689
MIDPRICE_2,OHLC4,0.9958108221792422
DEMA_10,ABER_XG_5_15,0.9957541320074464
FWMA_10,MIDPOINT_2,0.9956792971698362
SINWMA_14,TRIMA_10,0.9956517606452991
WMA_10,ABER_SG_5_15,0.995650148514998
MIDPRICE_2,TEMA_10,0.9955892743575102
ALMA_9_6.0_0.85,JMA_7_0.0,0.9955649043908081
PIVOTS_TRAD_D_P,ZL_EMA_10,0.9955304018753859
OBV,OBVe_4,0.9954994306280328
T3_10_0.7,TRIMA_10,0.9954709250505746
FWMA_10,MIDPRICE_2,0.9954173980714083
FWMA_10,ABER_XG_5_15,0.995315580375051
SMA_10,WMA_10,0.9952195882851873
SSF_20,VWMA_10,0.99513726692877
AGt_13_8_5,KCLe_20_2,0.9951305920872081
JMA_7_0.0,ABER_ZG_5_15,0.9950836369984178
Open,MIDPOINT_2,0.9950632605230662
Close,Adj Close,0.9950310964047974
ZL_EMA_10,BBM_5_2.0_2.0,0.9950282254158559
AGj_13_8_5,MCGD_10,0.9950224557026124
ABER_SG_5_15,ABER_XG_5_15,0.994988424109255
JMA_7_0.0,MIDPRICE_2,0.9949147635151983
SSF3_20,VWMA_10,0.9948821186549717
Close,MIDPOINT_2,0.9948776826221882
HLC3,MIDPRICE_2,0.9948177460545387
MIDPRICE_2,VWAP_D,0.9948177460545384
HWMA_0.2_0.1_0.1,HWL_1,0.9948101849162789
HWM_1,HWL_1,0.9948101849162789
EMA_10,SSF_20,0.9948022741486895
PWMA_10,SMA_10,0.9947389354114773
PWMA_10,SSF3_20,0.9947098772263082
FWMA_10,ABER_SG_5_15,0.994689410590222
SMMA_7,KCBe_20_2,0.9946823061374551
AGl_13_8_5,ABER_ZG_5_15,0.9946279975031475
High,MIDPRICE_2,0.9946076151697003
Open,MIDPRICE_2,0.9945588605845881
DEMA_10,ABER_SG_5_15,0.9945470494358843
SMA_10,T3_10_0.7,0.9945428518785523
SINWMA_14,SMA_10,0.994518321793169
SMMA_7,KCLe_20_2,0.9945104906611058
Open,HLC3,0.994467370702987
Open,VWAP_D,0.9944673707029869
FWMA_10,WMA_10,0.9943957626925933
AGt_13_8_5,SMA_10,0.9943084824094945
PIVOTS_TRAD_D_P,PIVOTS_TRAD_D_S1,0.9942794349058341
SMMA_7,VWMA_10,0.9942284329184138
DEMA_10,HMA_10,0.9942193061309859
ALMA_9_6.0_0.85,ZL_EMA_10,0.9942189551776152
AGt_13_8_5,AGl_13_8_5,0.9941935859558372
SWMA_10,WMA_10,0.9941586449293799
AGl_13_8_5,BBM_5_2.0_2.0,0.9941399118963864
HMA_10,PIVOTS_TRAD_D_P,0.9941383013714822
High,Close,0.9941154054205968
JMA_7_0.0,PIVOTS_TRAD_D_P,0.9941059585079595
EMA_10,SWMA_10,0.9940843317415105
FWMA_10,HMA_10,0.9940624134236308
AGl_13_8_5,ALMA_9_6.0_0.85,0.9940619204938141
MIDPRICE_2,WCP,0.9939220768147111
JMA_7_0.0,ABER_XG_5_15,0.9939037375153182
HMA_10,BBM_5_2.0_2.0,0.9938665861665446
LINREG_14,BBM_5_2.0_2.0,0.9938640476911146
DEMA_10,WMA_10,0.9938472942279518
MIDPOINT_2,PIVOTS_TRAD_D_P,0.9937936418214296
JMA_7_0.0,ABER_SG_5_15,0.9937875161174002
OHLC4,TEMA_10,0.993787350611386
AGl_13_8_5,ABER_XG_5_15,0.9937524222138334
ITS_9,VWMA_10,0.9937430255923015
JMA_7_0.0,MIDPOINT_2,0.9937330485532935
LINREG_14,TEMA_10,0.9937314213375755
PWMA_10,SSF_20,0.993673379883113
FWMA_10,PIVOTS_TRAD_D_P,0.9936590560543299
Adj Close,WCP,0.9935780517483923
RMA_10,KCLe_20_2,0.9935717119833091
SMMA_7,ALPHAT_14_1_50,0.9935563322159802
ACCBM_20,KCBe_20_2,0.9935251090953073
AGl_13_8_5,SWMA_10,0.9934572614498163
ALMA_9_6.0_0.85,HMA_10,0.9933965204587553
SMMA_7,TRIMA_10,0.9933727825494514
AGt_13_8_5,SINWMA_14,0.9933701673565393
PIVOTS_TRAD_D_R1,ZL_EMA_10,0.9933527148285253
PIVOTS_TRAD_D_P,TEMA_10,0.9933490066366847
AGj_13_8_5,ACCBM_20,0.9933337595117498
LINREG_14,ABER_ZG_5_15,0.9933233486911721
ZL_EMA_10,ABER_ZG_5_15,0.993305666293979
ALMA_9_6.0_0.85,LINREG_14,0.9933003520360685
OHLC4,ZL_EMA_10,0.993285564970889
Open,WCP,0.9932513743536497
ADX_14,ADXR_14_2,0.9932208222646998
HLC3,TEMA_10,0.9932103017944609
TEMA_10,VWAP_D,0.9932103017944606
HMA_10,MIDPRICE_2,0.9932079884162494
HL2,TEMA_10,0.9931762440071774
SMMA_7,SWMA_10,0.9931473301932724
SWMA_10,T3_10_0.7,0.9931431761289718
AGl_13_8_5,SSF_20,0.9931295644387891
DEMA_10,MIDPRICE_2,0.993117932474722
SMMA_7,WMA_10,0.9931061645496405
EMA_10,ALPHAT_14_1_50,0.9930442774944971
High,FWMA_10,0.9929807564991902
JMA_7_0.0,LINREG_14,0.9929724477350954
RMA_10,ACCBM_20,0.9929687479123362
EMA_10,TRIMA_10,0.9929377679989434
TEMA_10,WCP,0.9928951937425837
AGl_13_8_5,ABER_SG_5_15,0.9928836505138402
PWMA_10,VWMA_10,0.992840797221412
DEMA_10,MIDPOINT_2,0.9928245125789558
High,ZL_EMA_10,0.992790808723111
KCLe_20_2,KCBe_20_2,0.9927793733222333
FWMA_10,OHLC4,0.9927756402941252
High,TEMA_10,0.9927388049559135
EMA_10,ABER_ZG_5_15,0.9927189516376441
SINWMA_14,SMMA_7,0.9927179891407719
HL2,ZL_EMA_10,0.992673133225399
OBVe_4,OBVe_12,0.9926296291230797
Adj Close,HLC3,0.992566560561233
Adj Close,VWAP_D,0.9925665605612327
AGl_13_8_5,FWMA_10,0.9925596614425605
DEMA_10,PIVOTS_TRAD_D_P,0.9925567680545474
FWMA_10,LINREG_14,0.9925496611301122
SINWMA_14,SWMA_10,0.9925235102498325
FWMA_10,PIVOTS_TRAD_D_R1,0.9924979485520571
AGt_13_8_5,ALPHAT_14_1_50,0.9924749518949325
MIDPOINT_2,PIVOTS_TRAD_D_R1,0.9924641558079872
LINREG_14,ABER_XG_5_15,0.9924067150806387
TEMA_10,BBM_5_2.0_2.0,0.9923638719006681
ZL_EMA_10,VWAP_D,0.992318313077385
HLC3,ZL_EMA_10,0.992318313077385
ITS_9,SMA_10,0.9922912317867327
HMA_10,ABER_ZG_5_15,0.9922736639463041
MIDPRICE_2,PIVOTS_TRAD_D_R1,0.9922519749657593
AGl_13_8_5,ALPHAT_14_1_50,0.9921617616109898
LINREG_14,ZL_EMA_10,0.9921301225039776
ZL_EMA_10,ABER_XG_5_15,0.9920861447733266
ZL_EMA_10,ABER_SG_5_15,0.992083696250412
ALMA_9_6.0_0.85,EMA_10,0.9920513739411022
EMA_10,BBM_5_2.0_2.0,0.9920155766617259
HMA_10,MIDPOINT_2,0.9920103184923006
SMMA_7,SSF3_20,0.9920067005713171
FWMA_10,HL2,0.9920033909068915
MCGD_10,SSF_20,0.9919915027578674
Open,ZL_EMA_10,0.9919316633857408
FWMA_10,VWAP_D,0.99186136172729
FWMA_10,HLC3,0.9918613617272899
ALPHAT_14_1_50,ALPHATl_14_1_50_2,0.9918386743079821
EMA_10,ABER_XG_5_15,0.9918303435025849
LINREG_14,ABER_SG_5_15,0.9918006806728403
WCP,ZL_EMA_10,0.9917935947860662
AGt_13_8_5,TRIMA_10,0.9917862817186529
AGl_13_8_5,TRIMA_10,0.9917764682865392
JMA_7_0.0,PIVOTS_TRAD_D_R1,0.991723407060505
HMA_10,ABER_SG_5_15,0.9917138199797559
HWMA_0.2_0.1_0.1,HWU_1,0.991706085372182
HWM_1,HWU_1,0.991706085372182
AGj_13_8_5,AGt_13_8_5,0.9916907614067046
KAMA_10_2_30,SMMA_7,0.9916707973669583
HMA_10,PIVOTS_TRAD_D_R1,0.9916487768902217
RMA_10,SSF_20,0.9915890302732743
AGt_13_8_5,KAMA_10_2_30,0.9915439075699702
SSF_20,ALPHATl_14_1_50_2,0.9914745510772925
AGt_13_8_5,VWMA_10,0.9914564587653094
FWMA_10,WCP,0.9914342055027153
Open,TEMA_10,0.9914207835114368
TRIMA_10,WMA_10,0.991405313666079
AGt_13_8_5,ALPHATl_14_1_50_2,0.9913843708361235
RMA_10,SINWMA_14,0.9913186814781163
EMA_10,SSF3_20,0.9912918908937602
HT_TL,ACCBM_20,0.9912752468194206
ACCBL_20,ACCBM_20,0.9912356389621719
HMA_10,LINREG_14,0.991199885798798
EMA_10,MCGD_10,0.9911749472022657
ALMA_9_6.0_0.85,PIVOTS_TRAD_D_P,0.9911120396279248
EMA_10,KCLe_20_2,0.9910927181930269
DEMA_10,PIVOTS_TRAD_D_R1,0.9910866430179519
MCGD_10,ALPHATl_14_1_50_2,0.9910846474977729
KAMA_10_2_30,ALPHAT_14_1_50,0.9910603903629466
Open,FWMA_10,0.9910542755674956
PIVOTS_TRAD_D_P,BBM_5_2.0_2.0,0.9909916972449477
EMA_10,ABER_SG_5_15,0.9909795986674688
ALMA_9_6.0_0.85,TEMA_10,0.9909656482110673
PIVOTS_TRAD_D_R1,TEMA_10,0.9909571223732907
Adj Close,OHLC4,0.9908684451306785
SINWMA_14,ALPHATl_14_1_50_2,0.9908550016716375
MCGD_10,SINWMA_14,0.9908272135063453
AGt_13_8_5,SWMA_10,0.9908242575637035
MIDPRICE_2,PIVOTS_TRAD_D_S1,0.9907553908201887
PWMA_10,WMA_10,0.9907223690543235
SSF_20,KCLe_20_2,0.9906809017178378
T3_10_0.7,VWMA_10,0.9906787646701091
ITS_9,SWMA_10,0.9906756602137116
RMA_10,ALPHATl_14_1_50_2,0.9906569703334827
HILO_13_21,ACCBM_20,0.9906146458215145
ACCBL_20,KCLe_20_2,0.9905794660957941
Close,TEMA_10,0.9905442659194857
HMA_10,ABER_XG_5_15,0.9905082584971217
AGt_13_8_5,SSF3_20,0.9904396004147152
TEMA_10,ABER_ZG_5_15,0.9904171006996199
ITS_9,WMA_10,0.9903935419079695
SSF_20,WMA_10,0.9903648105097252
ITS_9,EMA_10,0.990333756768429
SINWMA_14,KCBe_20_2,0.990328475699236
ITS_9,AGl_13_8_5,0.9903156814975699
SMA_10,ALPHAT_14_1_50,0.9902883674754257
SMMA_7,ALPHATl_14_1_50_2,0.9902540958683653
Open,PIVOTS_TRAD_D_P,0.990195758234337
JMA_7_0.0,WMA_10,0.9901859737052681
JMA_7_0.0,OHLC4,0.9901727788633802
SSF_20,KCBe_20_2,0.9901277691116905
SMMA_7,T3_10_0.7,0.9901267578771681
ALPHAT_14_1_50,VWMA_10,0.9900984660390019
ITS_9,TRIMA_10,0.990077478454879
MAD_30,STDEV_30,0.9900665677733145
MCGD_10,ACCBM_20,0.9900626679568187
AGj_13_8_5,HT_TL,0.9900294291684323
ALPHATl_14_1_50_2,KCBe_20_2,0.9900276526720602
EMA_10,FWMA_10,0.9900268310344126
MCGD_10,ALPHAT_14_1_50,0.9900165696150358
Close,MIDPRICE_2,0.9899890000861592
SINWMA_14,VWMA_10,0.989974563650705
KAMA_10_2_30,MCGD_10,0.9899560180267467
AGl_13_8_5,SSF3_20,0.9899475132440193
MIDPRICE_2,BBM_5_2.0_2.0,0.989908805947602
ALMA_9_6.0_0.85,PIVOTS_TRAD_D_R1,0.9898795839750204
Adj Close,HL2,0.9898722644476561
PIVOTS_TRAD_D_P,ABER_ZG_5_15,0.9898635643065519
PIVOTS_TRAD_D_S1,ZL_EMA_10,0.9898294762089545
PIVOTS_TRAD_D_R1,BBM_5_2.0_2.0,0.9897531818675506
High,JMA_7_0.0,0.9897504420072745
LINREG_14,WMA_10,0.9897252185086414
EMA_10,KAMA_10_2_30,0.9897138588932158
AGl_13_8_5,DEMA_10,0.9896900987299103
HL2,JMA_7_0.0,0.9896460689974054
PWMA_10,T3_10_0.7,0.9896382412494064
SSF_20,ALPHAT_14_1_50,0.9896375330121814
EMA_10,RMA_10,0.9896221513307403
High,DEMA_10,0.9895610876149296
Open,PIVOTS_TRAD_D_R1,0.9895368672272783
ACCBU_20,KCUe_20_2,0.9894087581716333
MIDPOINT_2,PIVOTS_TRAD_D_S1,0.9893685553123376
MCGD_10,SMA_10,0.9893658014096394
ABER_XG_5_15,VWMA_10,0.9892805505954998
DEMA_10,OHLC4,0.9892780068211255
EMA_10,PWMA_10,0.9892639035857517
TEMA_10,ABER_XG_5_15,0.9892267588960536
Open,JMA_7_0.0,0.9892197241779422
TEMA_10,ABER_SG_5_15,0.9892000383982275
ABER_ZG_5_15,VWMA_10,0.989171410028128
AGl_13_8_5,KCLe_20_2,0.9891596174184946
AGt_13_8_5,T3_10_0.7,0.9891119775804478
SMA_10,KCLe_20_2,0.9890794954983615
HLC3,JMA_7_0.0,0.9890431445039184
JMA_7_0.0,VWAP_D,0.9890431445039182
ITS_9,SSF3_20,0.9890138203698321
PIVOTS_TRAD_D_P,ABER_XG_5_15,0.9889826742734015
KAMA_10_2_30,RMA_10,0.9889635324679841
Adj Close,MIDPOINT_2,0.9889255393120947
AGt_13_8_5,WMA_10,0.9888782436891217
Close,ZL_EMA_10,0.9888744151791178
ITS_9,SSF_20,0.9888599417328853
HMA_10,PIVOTS_TRAD_D_S1,0.9888573101428724
SSF3_20,WMA_10,0.988851432448757
Close,FWMA_10,0.9887972922056772
WMA_10,ALPHAT_14_1_50,0.988794096922701
PIVOTS_TRAD_D_S1,TEMA_10,0.9887935475147253
JMA_7_0.0,BBL_5_2.0_2.0,0.9887537534991471
ABER_XG_5_15,BBL_5_2.0_2.0,0.9887422929370387
ALMA_9_6.0_0.85,MIDPRICE_2,0.9887367186713782
AGl_13_8_5,PWMA_10,0.9887350224162625
AGl_13_8_5,MCGD_10,0.9886430731976552
KAMA_10_2_30,KCLe_20_2,0.9886006492094256
Open,Close,0.9885761422316695
DEMA_10,HL2,0.9885741486809803
MIDPRICE_2,ABER_ZG_5_15,0.9885501008435348
KAMA_10_2_30,VWMA_10,0.988469317596051
PIVOTS_TRAD_D_R1,ABER_ZG_5_15,0.9884522060788125
PWMA_10,SINWMA_14,0.988443182303198
TRIMA_10,ALPHATl_14_1_50_2,0.9884312541180255
JMA_7_0.0,WCP,0.9883910158278139
AGl_13_8_5,KAMA_10_2_30,0.9883817833298066
EMA_10,SINWMA_14,0.9883330852906203
High,PIVOTS_TRAD_D_R1,0.9883315561522421
RMA_10,ALPHAT_14_1_50,0.9882904726476585
PIVOTS_TRAD_D_P,ABER_SG_5_15,0.9882665230537985
DEMA_10,HLC3,0.9882571618238749
DEMA_10,VWAP_D,0.9882571618238746
DEMA_10,BBL_5_2.0_2.0,0.9882548238924724
KAMA_10_2_30,SMA_10,0.988248312724905
High,PIVOTS_TRAD_D_P,0.9882181056798595
Open,DEMA_10,0.9882140811506
PIVOTS_TRAD_D_S1,PIVOTS_TRAD_D_R1,0.9882087412928411
KCLe_20_2,VWMA_10,0.9882049676631848
PIVOTS_TRAD_D_R1,ABER_SG_5_15,0.9881899620902849
EMA_10,T3_10_0.7,0.9880768227385722
RMA_10,SMA_10,0.9880599713003372
AGt_13_8_5,ACCBM_20,0.9880508480012681
ALMA_9_6.0_0.85,VWMA_10,0.9880284991865069
PWMA_10,SMMA_7,0.9880052223288722
KAMA_10_2_30,KCBe_20_2,0.987966921986636
JMA_7_0.0,PIVOTS_TRAD_D_S1,0.9879555458453197
BBL_5_2.0_2.0,BBM_5_2.0_2.0,0.987927632137766
OHLC4,PIVOTS_TRAD_D_P,0.9879169828922836
ITS_9,SMMA_7,0.9878898074774631
SINWMA_14,KCLe_20_2,0.9878687879358605
MIDPOINT_2,BBM_5_2.0_2.0,0.9878478497535873
MIDPRICE_2,ABER_XG_5_15,0.9878161343795708
EMA_10,KCBe_20_2,0.9877712333591745
DEMA_10,WCP,0.9877670102306225
SMA_10,ALPHATl_14_1_50_2,0.9877461466816735
BBM_5_2.0_2.0,VWMA_10,0.9877282502010426
ALPHAT_14_1_50,KCLe_20_2,0.9876987173226387
HMA_10,OHLC4,0.9876760766322142
Open,HMA_10,0.9876593660705525
MCGD_10,ACCBL_20,0.9876576754603776
KAMA_10_2_30,SSF_20,0.9875920483737602
SSF3_20,ALPHATl_14_1_50_2,0.9875919177602266
KAMA_10_2_30,ALPHATl_14_1_50_2,0.9875796617083126
High,HMA_10,0.9875739819973763
CHDLREXTs_22_22_14_2.0,DCL_20_20,0.9875221590808428
ZL_EMA_10,BBL_5_2.0_2.0,0.9875192228633067
HL2,PIVOTS_TRAD_D_P,0.9875155927167582
WMA_10,ZL_EMA_10,0.9873871985971989
SWMA_10,ALPHAT_14_1_50,0.9872730368263388
HL2,HMA_10,0.987176323820046
MCGD_10,TRIMA_10,0.9871341399458852
ABER_ZG_5_15,BBL_5_2.0_2.0,0.9871334938374896
AGj_13_8_5,SMMA_7,0.9870981023117235
ALMA_9_6.0_0.85,BBL_5_2.0_2.0,0.9870757089686347
AGj_13_8_5,KCLe_20_2,0.9870504622475395
FWMA_10,BBL_5_2.0_2.0,0.987044345440915
SINWMA_14,ACCBM_20,0.9870221209807756
TRIMA_10,ALPHAT_14_1_50,0.9869715704518941
RMA_10,ACCBL_20,0.9869702003082361
LINREG_14,PIVOTS_TRAD_D_P,0.9869590631427617
ALPHAT_14_1_50,KCBe_20_2,0.986953824661204
AGl_13_8_5,JMA_7_0.0,0.9869330525005695
HMA_10,BBL_5_2.0_2.0,0.9869163003307991
SMA_10,ABER_ZG_5_15,0.9868980393633251
LINREG_14,BBL_5_2.0_2.0,0.9868850555083941
TEMA_10,BBL_5_2.0_2.0,0.9868738050974134
High,Adj Close,0.9868059366390357
OBV_max_2,OBVe_12,0.9867835618969791
MIDPRICE_2,ABER_SG_5_15,0.9867411815898459
SWMA_10,ABER_ZG_5_15,0.9867330200138525
AGl_13_8_5,RMA_10,0.9867323950064919
ITS_9,PWMA_10,0.9866620923559705
ALPHATl_14_1_50_2,KCLe_20_2,0.9866530701428319
ACCBL_20,KCBe_20_2,0.9866301403608146
SWMA_10,ALPHATl_14_1_50_2,0.9866265493245093
DEMA_10,EMA_10,0.9865967002680958
MCGD_10,VWMA_10,0.9865554069725714
T3_10_0.7,ALPHATl_14_1_50_2,0.9865311516497376
LINREG_14,MIDPRICE_2,0.9864975126819273
FWMA_10,PIVOTS_TRAD_D_S1,0.9864566142628901
PIVOTS_TRAD_D_R1,ABER_XG_5_15,0.9864163732596198
OHLC4,PIVOTS_TRAD_D_R1,0.9864067042828091
IKS_26,DCM_20_20,0.9863834249816119
SMA_10,ABER_XG_5_15,0.9863505985382229
SINWMA_14,ACCBL_20,0.9863384725925266
HMA_10,VWAP_D,0.9862892500938129
HLC3,HMA_10,0.9862892500938126
ABER_SG_5_15,VWMA_10,0.9862746279395653
SMA_10,KCBe_20_2,0.9862158216290732
RMA_10,TRIMA_10,0.9862036500374004
TRIMA_10,KCLe_20_2,0.9861902773096473
AGl_13_8_5,T3_10_0.7,0.9861539157685589
SWMA_10,ABER_XG_5_15,0.9860073016702029
HL2,PIVOTS_TRAD_D_R1,0.9859544886232151
ALMA_9_6.0_0.85,MIDPOINT_2,0.9859528936713018
ALMA_9_6.0_0.85,SMA_10,0.9858659566202722
CHDLREXTl_22_22_14_2.0,DCU_20_20,0.9858165623473313
HLC3,PIVOTS_TRAD_D_P,0.9857900379062113
PIVOTS_TRAD_D_P,VWAP_D,0.9857900379062107
AGt_13_8_5,ACCBL_20,0.9857693899641918
SMMA_7,ABER_ZG_5_15,0.9857447607474829
AGl_13_8_5,SINWMA_14,0.9857315085608324
MEDIAN_30,HT_TL,0.9857032933263894
QTL_30_0.5,HT_TL,0.9857032933263894
DEMA_10,PIVOTS_TRAD_D_S1,0.9856790597250666
AGj_13_8_5,KCUe_20_2,0.9856290324646455
EMA_10,ALPHATl_14_1_50_2,0.9855841443939334
HMA_10,WCP,0.985531222073779
MIDPOINT_2,ABER_ZG_5_15,0.9855147642731241
MCGD_10,SWMA_10,0.9855137152990854
MCGD_10,SSF3_20,0.9855073471959892
AGt_13_8_5,PWMA_10,0.9854691762432394
ITS_9,ABER_XG_5_15,0.9854507538092081
ALMA_9_6.0_0.85,SWMA_10,0.9854482158699883
KAMA_10_2_30,TRIMA_10,0.9854402355132921
LINREG_14,PIVOTS_TRAD_D_R1,0.9853533739141878
SMA_10,BBM_5_2.0_2.0,0.9853491231050123
SSF3_20,ALPHAT_14_1_50,0.9853489735359848
KAMA_10_2_30,SWMA_10,0.9853003529149639
HT_TL,KCBe_20_2,0.985286907732694
SWMA_10,KCLe_20_2,0.9852683265446969
LINREG_14,MIDPOINT_2,0.9852161188358622
Close,JMA_7_0.0,0.9851187145442047
AGj_13_8_5,ALPHATl_14_1_50_2,0.9849992839178807
High,BBM_5_2.0_2.0,0.9849321107544384
Close,DEMA_10,0.9848703632738203
SWMA_10,ABER_SG_5_15,0.9848658437014235
ALMA_9_6.0_0.85,SMMA_7,0.9848473399091224
SINWMA_14,ALPHAT_14_1_50,0.9847977641379367
ITS_9,AGt_13_8_5,0.9847914935327521
SSF3_20,KCLe_20_2,0.9847885803575386
SMA_10,ABER_SG_5_15,0.9847607643568235
SMMA_7,ABER_XG_5_15,0.984740648511674
SWMA_10,BBM_5_2.0_2.0,0.9847230700522477
RMA_10,SSF3_20,0.9847142053952737
PIVOTS_TRAD_D_R1,WMA_10,0.9846940697583272
AGl_13_8_5,KCBe_20_2,0.984681014643317
KAMA_10_2_30,WMA_10,0.9846653422438587
Adj Close,TEMA_10,0.9846652010538595
ITS_9,ALPHAT_14_1_50,0.9846311766936156
MIDPOINT_2,ABER_XG_5_15,0.9846109569139138
PIVOTS_TRAD_D_P,WCP,0.9845649168767857
SMMA_7,BBM_5_2.0_2.0,0.9845381432445447
ITS_9,T3_10_0.7,0.9844999918429046
PIVOTS_TRAD_D_P,WMA_10,0.9844929273583557
TRIMA_10,KCBe_20_2,0.984492540613447
Low,HL2,0.9844565756225986
ALPHATl_14_1_50_2,VWMA_10,0.9843907781273455
FWMA_10,VWMA_10,0.9843752916731004
ITS_9,ABER_ZG_5_15,0.9843196151260245
MCGD_10,T3_10_0.7,0.9841876686787504
PIVOTS_TRAD_D_S1,PIVOTS_TRAD_D_S2,0.9841745607216471
PWMA_10,ABER_ZG_5_15,0.9841655891364577
HILO_13_21,HT_TL,0.9841336237253817
RMA_10,SWMA_10,0.9841198369568219
TMO_14_5_3,TMOs_14_5_3,0.984113469020545
SMMA_7,ABER_SG_5_15,0.9841027389796807
AGl_13_8_5,ZL_EMA_10,0.9840936811469182
HLC3,PIVOTS_TRAD_D_R1,0.9840936015959334
PIVOTS_TRAD_D_R1,VWAP_D,0.9840936015959328
SSF_20,ACCBL_20,0.9840845325608067
RMA_10,VWMA_10,0.9840581997820328
T3_10_0.7,KCLe_20_2,0.9839974655731463
HT_TL,ACCBU_20,0.9839958331333463
Open,BBM_5_2.0_2.0,0.9839956738254154
MIDPOINT_2,ABER_SG_5_15,0.9839258351068036
TEMA_10,WMA_10,0.9838733581157026
Low,HLC3,0.983865710263081
Low,VWAP_D,0.9838657102630808
T3_10_0.7,ACCBL_20,0.9838634656989305
RMA_10,T3_10_0.7,0.9838515562055652
Open,PIVOTS_TRAD_D_S1,0.9838476803912826
EMA_10,JMA_7_0.0,0.9838180446056829
PIVOTS_TRAD_D_S2,PIVOTS_TRAD_D_S4,0.9837748481354874
PIVOTS_TRAD_D_S2,PIVOTS_TRAD_D_S3,0.9837748481354874
MIDPRICE_2,BBL_5_2.0_2.0,0.9837239446178037
ITS_9,SINWMA_14,0.9837204709770324
RMA_10,HT_TL,0.983679280959721
TRIX_30_9,TRIXs_30_9,0.9836683980914331
ALPHATl_14_1_50_2,ACCBM_20,0.983622207944487
KAMA_10_2_30,SINWMA_14,0.9836202500222562
WMA_10,KCLe_20_2,0.9836195280624307
OHLC4,BBM_5_2.0_2.0,0.9835742965261922
DEMA_10,VWMA_10,0.9835327020663093
ITS_9,KCLe_20_2,0.9835232400560142
MIDPRICE_2,WMA_10,0.983491909692296
SMMA_7,ACCBM_20,0.9834590536093482
PWMA_10,ABER_XG_5_15,0.9834408009225747
AGj_13_8_5,SINWMA_14,0.9834394657811277
Low,WCP,0.9834012314875643
HILO_13_21,ACCBL_20,0.9834008732232101
HMA_10,WMA_10,0.9833594745601324
ACCBM_20,KCLe_20_2,0.9833300057987644
OBV_min_2,OBVe_12,0.9832785782936906
PWMA_10,ALPHATl_14_1_50_2,0.9832452698992145
HL2,PIVOTS_TRAD_D_S1,0.9832445984599093
T3_10_0.7,WMA_10,0.9832392025311889
OHLC4,PIVOTS_TRAD_D_S1,0.9831986660113097
Adj Close,MIDPRICE_2,0.9831233110929297
SMMA_7,ACCBL_20,0.9830653466951409
AGl_13_8_5,ALPHATl_14_1_50_2,0.9830428027526293
Low,OHLC4,0.9830186778844878
KAMA_10_2_30,SSF3_20,0.98299106537743
High,ABER_ZG_5_15,0.9829623563564894
SSF3_20,KCBe_20_2,0.9829471851519866
QTL_30_0.5,ACCBU_20,0.9829234968107579
MEDIAN_30,ACCBU_20,0.9829234968107579
PIVOTS_TRAD_D_R1,WCP,0.9828585050012323
HL2,BBM_5_2.0_2.0,0.9828380375672915
ACCBL_20,DCM_20_20,0.982808768575898
High,ALMA_9_6.0_0.85,0.9827724159396565
PIVOTS_TRAD_D_P,BBL_5_2.0_2.0,0.9826953344407714
ITS_9,KAMA_10_2_30,0.982692642998214
AGl_13_8_5,PIVOTS_TRAD_D_R1,0.9826797533570947
AGl_13_8_5,LINREG_14,0.9826291819472719
ABER_SG_5_15,BBL_5_2.0_2.0,0.9826066299778291
ALMA_9_6.0_0.85,PWMA_10,0.9825996692420415
ALPHAT_14_1_50,ABER_ZG_5_15,0.9825605944408754
ITS_9,ALMA_9_6.0_0.85,0.9824989794086364
Open,ALMA_9_6.0_0.85,0.9824898897922619
SSF_20,ACCBM_20,0.9824756712937361
ITS_9,BBM_5_2.0_2.0,0.9823939745721134
T3_10_0.7,ALPHAT_14_1_50,0.9823693443979745
High,ABER_SG_5_15,0.98236845747104
PIVOTS_TRAD_D_S1,BBM_5_2.0_2.0,0.9823626184314692
PWMA_10,ABER_SG_5_15,0.9823441483393738
Open,ABER_ZG_5_15,0.9823096547841522
PWMA_10,ALPHAT_14_1_50,0.9822701203889169
AGj_13_8_5,ACCBL_20,0.9822465445710846
SWMA_10,KCBe_20_2,0.982185793258009
KCBe_20_2,KCUe_20_2,0.9821775851731508
Adj Close,ZL_EMA_10,0.982132695101677
High,LINREG_14,0.9821071264161687
T3_10_0.7,KCBe_20_2,0.9821026950069139
TRIMA_10,ABER_ZG_5_15,0.9820321599331381
MCGD_10,WMA_10,0.9820033999419687
KCBe_20_2,VWMA_10,0.9819876711513115
AGl_13_8_5,PIVOTS_TRAD_D_P,0.9819483399208827
BBM_5_2.0_2.0,VWAP_D,0.9819296953034142
HLC3,BBM_5_2.0_2.0,0.981929695303414
Close,HMA_10,0.98192642410686
ACCBM_20,ACCBU_20,0.9819106241673479
ALMA_9_6.0_0.85,PIVOTS_TRAD_D_S1,0.9818841262269058
Open,Adj Close,0.9818587173492912
PWMA_10,BBM_5_2.0_2.0,0.9817963539650085
WMA_10,BBL_5_2.0_2.0,0.9817817477509977
High,PIVOTS_TRAD_D_S1,0.9817743203996976
ALPHAT_14_1_50,ABER_XG_5_15,0.9817010852400967
AGj_13_8_5,HILO_13_21,0.9816789482818952
FWMA_10,SMMA_7,0.9816732094661759
HILO_13_21,SINWMA_14,0.9816649038432965
HILO_13_21,KCBe_20_2,0.9816621015551185
AGj_13_8_5,KAMA_10_2_30,0.9815985072174586
ALMA_9_6.0_0.85,ALPHAT_14_1_50,0.9815254403107827
HLC3,PIVOTS_TRAD_D_S1,0.9814932094878701
PIVOTS_TRAD_D_S1,VWAP_D,0.9814932094878698
MIDPOINT_2,WMA_10,0.9814529709912
MIDPOINT_2,BBL_5_2.0_2.0,0.9814196673488637
AGl_13_8_5,MIDPRICE_2,0.9814192598942494
LINREG_14,OHLC4,0.9814131768886877
TRIMA_10,ABER_XG_5_15,0.9814122522136681
ALPHAT_14_1_50,BBM_5_2.0_2.0,0.9813562911707131
OHLC4,ABER_ZG_5_15,0.98131478088012
AGj_13_8_5,SSF_20,0.9812924453559757
Open,LINREG_14,0.9812831884050284
SINWMA_14,WMA_10,0.9812779987235242
Adj Close,FWMA_10,0.9812622813812102
Open,ABER_XG_5_15,0.9812222678328842
High,ABER_XG_5_15,0.9811982490238934
FWMA_10,SMA_10,0.9811608087873639
WCP,BBM_5_2.0_2.0,0.9811066785914129
HILO_13_21,RMA_10,0.9810643558542661
ALMA_9_6.0_0.85,OHLC4,0.9810515893158883
RMA_10,KCUe_20_2,0.9809959038324322
OBV,OBVe_12,0.9809765284748537
PIVOTS_TRAD_D_S1,ABER_ZG_5_15,0.9809345385644976
PIVOTS_TRAD_D_S1,ABER_XG_5_15,0.9809174721845423
Open,ABER_SG_5_15,0.9808867019298675
ALPHAT_14_1_50,ABER_SG_5_15,0.9808791931932921
HL2,LINREG_14,0.9808210180901639
HL2,ABER_ZG_5_15,0.9806904244594512
ALMA_9_6.0_0.85,TRIMA_10,0.9806297812497051
Low,PIVOTS_TRAD_D_S1,0.9806000139775866
SSF_20,ABER_ZG_5_15,0.9805785354396325
OHLC4,ABER_XG_5_15,0.9805603383050409
EMA_10,ZL_EMA_10,0.9805516549236984
LINREG_14,PIVOTS_TRAD_D_S1,0.980446183013903
AGt_13_8_5,ABER_ZG_5_15,0.9804019209820135
ITS_9,ABER_SG_5_15,0.980360999598607
KAMA_10_2_30,PWMA_10,0.9803475272592655
Low,MIDPOINT_2,0.980346698216462
PIVOTS_TRAD_D_S1,WCP,0.9803417578462298
ALMA_9_6.0_0.85,HL2,0.9803139210953413
ACCBM_20,DCM_20_20,0.9803131609244735
ACCBM_20,KCUe_20_2,0.9801712051093757
HLC3,LINREG_14,0.980158230460843
LINREG_14,VWAP_D,0.9801582304608425
SSF_20,ABER_XG_5_15,0.9800858388322122
ALPHATl_14_1_50_2,ACCBL_20,0.9800845720786824
HL2,ABER_XG_5_15,0.9800667138056973
TRIMA_10,ABER_SG_5_15,0.9800383170205608
Low,Close,0.9799855629827383
PWMA_10,KCLe_20_2,0.9798984814769998
MCGD_10,PWMA_10,0.9798859480903362
DEMA_10,SMA_10,0.979868218659631
High,WMA_10,0.9798606386772124
ITS_9,FWMA_10,0.9798403075845491
TRIMA_10,BBM_5_2.0_2.0,0.9798180670454805
EMA_10,PIVOTS_TRAD_D_R1,0.9798042746586697
T3_10_0.7,ACCBM_20,0.9797387498923018
MCGD_10,HT_TL,0.979677093152365
HILO_13_21,MCGD_10,0.9796516881623283
AGl_13_8_5,MIDPOINT_2,0.9796277743492506
Close,PIVOTS_TRAD_D_P,0.9796236964941765
OHLC4,ABER_SG_5_15,0.9795539152550912
LINREG_14,WCP,0.9795297314382799
HLC3,ABER_ZG_5_15,0.9794636526930682
ABER_ZG_5_15,VWAP_D,0.9794636526930679
ALMA_9_6.0_0.85,SSF_20,0.9794459087069486
ITS_9,MCGD_10,0.9794350205289045
AGt_13_8_5,ALMA_9_6.0_0.85,0.9793819304682199
RMA_10,WMA_10,0.9793791194326982
Low,MIDPRICE_2,0.9793366648638485
AGj_13_8_5,CHDLREXTl_22_22_14_2.0,0.9792922167473548
AGt_13_8_5,ABER_XG_5_15,0.9792673487349514
HT_TL,KCUe_20_2,0.9792228460429775
FWMA_10,ALPHAT_14_1_50,0.9791874478770092
ITS_9,DEMA_10,0.979162850032411
KAMA_10_2_30,T3_10_0.7,0.9791548827486461
EMA_10,LINREG_14,0.9790941241541667
ALMA_9_6.0_0.85,HLC3,0.9790631248205949
ALMA_9_6.0_0.85,VWAP_D,0.9790631248205943
LINREG_14,VWMA_10,0.9790485624546744
AGj_13_8_5,ALPHAT_14_1_50,0.9790335538596113
AGl_13_8_5,TEMA_10,0.9789700084140937
AGl_13_8_5,HMA_10,0.9789628948261871
AGt_13_8_5,BBM_5_2.0_2.0,0.978940721014564
AGt_13_8_5,ABER_SG_5_15,0.978890692796713
ABER_XG_5_15,VWAP_D,0.9788553359809481
HLC3,ABER_XG_5_15,0.9788553359809481
HL2,ABER_SG_5_15,0.9787926271270592
EMA_10,PIVOTS_TRAD_D_P,0.9787515946314665
ABER_XG_5_15,KCLe_20_2,0.9787443408936176
PIVOTS_TRAD_D_S1,ABER_SG_5_15,0.9786219840798064
JMA_7_0.0,VWMA_10,0.9785724232468827
SSF_20,BBM_5_2.0_2.0,0.9785426050741951
HT_TL,CHDLREXTl_22_22_14_2.0,0.9784968302079271
DCM_20_20,KCLe_20_2,0.9784913420802138
ACCBM_20,CHDLREXTl_22_22_14_2.0,0.9784827094735525
WCP,ABER_ZG_5_15,0.9784786899987564
High,AGl_13_8_5,0.978467784787999
PWMA_10,RMA_10,0.9784352877362947
Adj Close,DEMA_10,0.9784335994843457
AGj_13_8_5,ACCBU_20,0.978396249684245
SSF_20,ABER_SG_5_15,0.9783913490999331
SSF3_20,ABER_ZG_5_15,0.9783072250225378
OHLC4,BBL_5_2.0_2.0,0.9782520730592065
WMA_10,ALPHATl_14_1_50_2,0.9781786253426357
DEMA_10,SWMA_10,0.9781614876426882
Open,WMA_10,0.9781203371432129
ALMA_9_6.0_0.85,WCP,0.9780671379008518
EMA_10,MIDPRICE_2,0.9780439860226081
SSF3_20,ABER_XG_5_15,0.9779805803655364
QTL_30_0.5,ACCBM_20,0.9779797932127741
MEDIAN_30,ACCBM_20,0.9779797932127741
ABER_SG_5_15,BBU_5_2.0_2.0,0.9779457911671884
Close,PIVOTS_TRAD_D_R1,0.9778883199938468
WCP,ABER_XG_5_15,0.9778847653240641
HL2,BBL_5_2.0_2.0,0.9778806425127117
PIVOTS_TRAD_D_R1,BBL_5_2.0_2.0,0.9778727355709583
FWMA_10,SWMA_10,0.9778558113727243
ITS_9,ALPHATl_14_1_50_2,0.9777700304298915
Low,TEMA_10,0.9777578354958483
Open,BBL_5_2.0_2.0,0.9777320388157742
QQE_14_5_4.236_RSIMA,SMI_5_20_5_1.0,0.9777289985335723
DCM_20_20,KCBe_20_2,0.9776854609572031
MCGD_10,DCM_20_20,0.9775628669377424
HLC3,ABER_SG_5_15,0.9775547693618554
ABER_SG_5_15,VWAP_D,0.9775547693618549
AGj_13_8_5,EMA_10,0.9775493279000684
Adj Close,JMA_7_0.0,0.9775406110624307
RMA_10,DCM_20_20,0.9775164975757835
Close,BBM_5_2.0_2.0,0.9773963412928997
High,Low,0.9773704104309221
OHLC4,WMA_10,0.977360109992441
SSF3_20,ACCBL_20,0.9772929166848118
ACCBU_20,DCU_20_20,0.9772846322158214
AGl_13_8_5,BBL_5_2.0_2.0,0.9772821426643341
ABER_ZG_5_15,BBU_5_2.0_2.0,0.9772806629829472
KAMA_10_2_30,ABER_ZG_5_15,0.9771910014401957
ALMA_9_6.0_0.85,BBU_5_2.0_2.0,0.977147543217179
HLC3,BBL_5_2.0_2.0,0.9771102283690835
BBL_5_2.0_2.0,VWAP_D,0.9771102283690835
ALMA_9_6.0_0.85,SSF3_20,0.9770365946960513
WMA_10,BBU_5_2.0_2.0,0.9770359865567388
BBM_5_2.0_2.0,BBU_5_2.0_2.0,0.9770355380071482
WMA_10,KCBe_20_2,0.976904568999221
SMA_10,ACCBL_20,0.9769027586645892
ITS_9,RMA_10,0.976824787638117
PIVOTS_TRAD_D_S1,BBL_5_2.0_2.0,0.976788368900642
AGj_13_8_5,MEDIAN_30,0.9767484034642457
AGj_13_8_5,QTL_30_0.5,0.9767484034642457
HILO_13_21,ALPHATl_14_1_50_2,0.9766657657182503
KAMA_10_2_30,ABER_XG_5_15,0.9765962753673694
WCP,ABER_SG_5_15,0.9765621637374952
HL2,WMA_10,0.9764873972274414
PWMA_10,KCBe_20_2,0.9764418472829102
TRIMA_10,ACCBL_20,0.9764091126780298
WCP,BBL_5_2.0_2.0,0.9763938369910675
DEMA_10,SMMA_7,0.9763135184644091
Open,AGl_13_8_5,0.9762951602701126
Close,LINREG_14,0.976281663582906
High,BBL_5_2.0_2.0,0.9761923976917167
SSF3_20,BBM_5_2.0_2.0,0.9761491712964803
Low,ZL_EMA_10,0.9760719508148238
AGt_13_8_5,HILO_13_21,0.9760522128838885
AGj_13_8_5,DCM_20_20,0.976027850790533
EMA_10,MIDPOINT_2,0.976022562866012
ALMA_9_6.0_0.85,KAMA_10_2_30,0.9759950466100373
SSF3_20,ABER_SG_5_15,0.9759740006666229
LINREG_14,SWMA_10,0.9759204653173622
AGl_13_8_5,BBU_5_2.0_2.0,0.9759101280952965
HT_TL,ACCBL_20,0.9758941343991081
AGj_13_8_5,SMA_10,0.9758757543053661
Open,Low,0.9758320043307541
AGl_13_8_5,OHLC4,0.9757267094134024
KAMA_10_2_30,BBM_5_2.0_2.0,0.9757157151409283
AGt_13_8_5,FWMA_10,0.9756731701777677
ABER_ZG_5_15,KCLe_20_2,0.9756219138768619
HLC3,WMA_10,0.9755865560252959
WMA_10,VWAP_D,0.9755865560252959
MEDIAN_30,CHDLREXTl_22_22_14_2.0,0.975396856753613
QTL_30_0.5,CHDLREXTl_22_22_14_2.0,0.975396856753613
EMA_10,ACCBL_20,0.9753293641428453
Close,PIVOTS_TRAD_D_S1,0.9752605334464387
High,EMA_10,0.9751856578825187
EMA_10,HMA_10,0.9751054825495179
Low,PIVOTS_TRAD_D_S2,0.9750941091634228
KAMA_10_2_30,ABER_SG_5_15,0.9750770207510481
Low,Adj Close,0.9750258449709754
MCGD_10,KCUe_20_2,0.974977214696772
EMA_10,BBU_5_2.0_2.0,0.9749131009767972
LINREG_14,SMA_10,0.9748703053718426
CHDLREXTl_22_22_14_2.0,KCBe_20_2,0.9748637728448517
HILOl_13_21,MEDIAN_30,0.9748053816741292
HILOl_13_21,QTL_30_0.5,0.9748053816741292
AGl_13_8_5,HL2,0.9748032684242716
EMA_10,TEMA_10,0.9747965452237031
Adj Close,HMA_10,0.9747754306121644
WCP,WMA_10,0.9747726087106415
HILO_13_21,ACCBU_20,0.9747638006633265
AGj_13_8_5,TRIMA_10,0.9746755210715772
ABER_XG_5_15,BBU_5_2.0_2.0,0.974646348264483
AGt_13_8_5,DCM_20_20,0.9746377978775453
ITS_9,LINREG_14,0.9746224307499595
ITS_9,KCBe_20_2,0.9746185573157338
HILO_13_21,SSF_20,0.9745849738355666
AGt_13_8_5,HT_TL,0.9744272909089928
LINREG_14,PWMA_10,0.9743861299519567
DEMA_10,PWMA_10,0.9743212034961712
SSF3_20,ACCBM_20,0.9743056486463701
HILO_13_21,DCM_20_20,0.974301687394389
Close,ABER_ZG_5_15,0.9743006264057202
ALMA_9_6.0_0.85,KCLe_20_2,0.9742973011958196
KAMA_10_2_30,ACCBM_20,0.9742310965893861
ITS_9,JMA_7_0.0,0.9742265664461816
DEMA_10,ALPHAT_14_1_50,0.974188837636242
HWL_1,HWU_1,0.974089994455171
JMA_7_0.0,SMMA_7,0.9740826726155564
EMA_10,BBL_5_2.0_2.0,0.9740765839694493
TRIMA_10,ACCBM_20,0.9740307732176213
CKSPl_10_3_20,CHDLREXTl_22_22_14_2.0,0.9739906314511836
AGl_13_8_5,HLC3,0.9739715683852757
AGl_13_8_5,VWAP_D,0.9739715683852754
SMA_10,ACCBM_20,0.9739460928261997
AGt_13_8_5,KCUe_20_2,0.9739314188659193
Close,ALMA_9_6.0_0.85,0.9738857483145484
JMA_7_0.0,SMA_10,0.9738739076764922
HILO_13_21,T3_10_0.7,0.9738712947679852
BBM_5_2.0_2.0,KCLe_20_2,0.9738282914808322
KAMA_10_2_30,ACCBL_20,0.9737707787546469
Low,FWMA_10,0.9737407247586181
Close,ABER_XG_5_15,0.9737195037119072
ACCBU_20,CHDLREXTl_22_22_14_2.0,0.9737052355699372
ALPHAT_14_1_50,ACCBM_20,0.9736507135980501
PIVOTS_TRAD_D_S1,WMA_10,0.9736336022854853
AGj_13_8_5,AGl_13_8_5,0.9736292490205889
ZL_EMA_10,VWMA_10,0.9735536108461122
RMA_10,CHDLREXTl_22_22_14_2.0,0.9733502330736473
HILO_13_21,KCLe_20_2,0.9732862507811054
JMA_7_0.0,ALPHAT_14_1_50,0.973234049141762
AGl_13_8_5,WCP,0.9731923844964625
FWMA_10,TRIMA_10,0.9731750357765161
Low,JMA_7_0.0,0.9730589990689555
FWMA_10,KAMA_10_2_30,0.9730288050591059
Close,BBL_5_2.0_2.0,0.973011747512764
EMA_10,ACCBM_20,0.9729843391943874
ACCBL_20,VWMA_10,0.9729492113216124
ALPHAT_14_1_50,ACCBL_20,0.9729359059085241
Open,EMA_10,0.9728836311126374
MAMA_0.5_0.05,FAMA_0.5_0.05,0.9728713542269765
MEDIAN_30,DCU_20_20,0.9728588104970425
QTL_30_0.5,DCU_20_20,0.9728588104970425
DEMA_10,TRIMA_10,0.9728094233057379
MCGD_10,ABER_ZG_5_15,0.9728032486252755
AGj_13_8_5,SSF3_20,0.9727748307164936
FWMA_10,PWMA_10,0.9727336114072036
FWMA_10,SSF_20,0.9727026459165987
HT_TL,DCM_20_20,0.972672680351076
BBL_5_2.0_2.0,VWMA_10,0.9726281987550948
SWMA_10,ACCBL_20,0.972556247180061
MCGD_10,ABER_XG_5_15,0.9724395802982183
Close,ABER_SG_5_15,0.9723891044063341
DEMA_10,HWL_1,0.9723812454141266
FWMA_10,BBU_5_2.0_2.0,0.9721184785163007
PIVOTS_TRAD_D_R1,VWMA_10,0.9720646415519728
EMA_10,OHLC4,0.9720618171049247
Adj Close,PIVOTS_TRAD_D_P,0.9720592594425174
SWMA_10,BBU_5_2.0_2.0,0.9719161579883779
PIVOTS_TRAD_D_P,VWMA_10,0.971886309551571
ACCBU_20,KCBe_20_2,0.9718176216928489
DEMA_10,HWMA_0.2_0.1_0.1,0.9718005229617671
DEMA_10,HWM_1,0.9718005229617671
AGj_13_8_5,T3_10_0.7,0.971688370232077
IKS_26,HT_TL,0.9716320393463019
Low,HMA_10,0.9716291826550367
AGl_13_8_5,ACCBL_20,0.9716113330313833
JMA_7_0.0,SWMA_10,0.9715713596720462
T3_10_0.7,ABER_XG_5_15,0.9715615164300098
ALMA_9_6.0_0.85,MCGD_10,0.9715032139359824
AGj_13_8_5,SWMA_10,0.9714838522212113
SMMA_7,DCM_20_20,0.9714441850479089
HILO_13_21,SMMA_7,0.9714360024273283
IKS_26,AGj_13_8_5,0.9714291110853404
MAMA_0.5_0.05,PIVOTS_TRAD_D_S2,0.9713112502921215
T3_10_0.7,ABER_ZG_5_15,0.9712903005346161
DEMA_10,BBU_5_2.0_2.0,0.971267808467185
MIDPRICE_2,VWMA_10,0.9711435427734365
QTL_30_0.5,KCUe_20_2,0.9711200980668409
MEDIAN_30,KCUe_20_2,0.9711200980668409
EMA_10,HL2,0.9711108819323372
Close,WMA_10,0.9711026979088199
ALPHATl_14_1_50_2,DCM_20_20,0.9710603263382709
Low,DEMA_10,0.9710590215527207
MCGD_10,BBM_5_2.0_2.0,0.9709948141047025
SMA_10,BBU_5_2.0_2.0,0.9708899279766205
FWMA_10,KCLe_20_2,0.970746699059329
PIVOTS_TRAD_D_R1,SMMA_7,0.970729150008581
AGj_13_8_5,VWMA_10,0.9707214888291293
DEMA_10,SSF_20,0.9704233784137167
SINWMA_14,HT_TL,0.970400053179881
MCGD_10,ABER_SG_5_15,0.9703831479434505
ABER_XG_5_15,HWL_1,0.9703441047163276
SINWMA_14,DCM_20_20,0.9703081909807973
AGl_13_8_5,PIVOTS_TRAD_D_S1,0.9702653446228806
SMMA_7,BBU_5_2.0_2.0,0.9702159638072333
EMA_10,VWAP_D,0.9702030023087759
EMA_10,HLC3,0.9702030023087759
PWMA_10,BBU_5_2.0_2.0,0.9701174505301593
IKS_26,CKSPs_10_3_20,0.9700962759612595
ALMA_9_6.0_0.85,T3_10_0.7,0.9700699591032244
ALPHATl_14_1_50_2,HT_TL,0.9700162363102477
FWMA_10,SSF3_20,0.9699885150947838
DEMA_10,SSF3_20,0.9699123756927372
RMA_10,ACCBU_20,0.9698408046036031
HILOl_13_21,ACCBU_20,0.9697819735391116
QQE_14_5_4.236_RSIMA,SMIs_5_20_5_1.0,0.9697739660346071
SMMA_7,ZL_EMA_10,0.9697649682366709
Close,AGl_13_8_5,0.9696412055357216
HT_TL,KCLe_20_2,0.969569846577313
LINREG_14,TRIMA_10,0.9695275730080879
PIVOTS_TRAD_D_R1,SMA_10,0.9694989501577054
HILO_13_21,SSF3_20,0.9693923057462775
EMA_10,WCP,0.9693827105946394
SWMA_10,ACCBM_20,0.9693295235458035
Low,PIVOTS_TRAD_D_P,0.9693232948702413
RMA_10,ABER_ZG_5_15,0.9693010709642742
ABER_SG_5_15,KCLe_20_2,0.9692587659346316
Adj Close,PIVOTS_TRAD_D_R1,0.9692055529349732
ITS_9,ZL_EMA_10,0.9691690199457508
CKSPl_10_3_20,DCU_20_20,0.9691665731588271
WMA_10,HWL_1,0.9691582079385067
HILO_13_21,KCUe_20_2,0.9691322176022982
D_9_3,STOCHd_14_3_3,0.9690925114193486
Adj Close,PIVOTS_TRAD_D_S1,0.9690705681793496
ITS_9,MIDPRICE_2,0.9690616152781908
T3_10_0.7,BBM_5_2.0_2.0,0.969036810096371
SMA_10,ZL_EMA_10,0.9689975011748448
AGt_13_8_5,DEMA_10,0.9689808917390846
HILOl_13_21,HT_TL,0.9689681268183505
KAMA_10_2_30,DCM_20_20,0.9689211768369683
PIVOTS_TRAD_D_P,SMMA_7,0.9688739406960576
Adj Close,LINREG_14,0.9688683262397942
TEMA_10,VWMA_10,0.9688676380805832
TRIMA_10,BBU_5_2.0_2.0,0.9687763170786994
PIVOTS_TRAD_D_R1,ALPHAT_14_1_50,0.9687443598025951
SMMA_7,KCUe_20_2,0.9686252664377625
Adj Close,BBM_5_2.0_2.0,0.9685032371877661
AGl_13_8_5,ACCBM_20,0.9684817870468811
ITS_9,BBL_5_2.0_2.0,0.9684307556534153
SINWMA_14,KCUe_20_2,0.9684170088815286
SSF_20,DCM_20_20,0.9683874397933339
SINWMA_14,ABER_ZG_5_15,0.968364238052763
HILO_13_21,TRIMA_10,0.9683477686360575
BBU_5_2.0_2.0,VWMA_10,0.96830689805486
T3_10_0.7,ABER_SG_5_15,0.9682687992820485
ALPHATl_14_1_50_2,ABER_ZG_5_15,0.9682297095744804
IKS_26,KCBe_20_2,0.9681402516345888
RMA_10,ABER_SG_5_15,0.9681384958539847
JMA_7_0.0,BBU_5_2.0_2.0,0.9680972684903058
ALMA_9_6.0_0.85,RMA_10,0.9680850132152191
ZL_EMA_10,ALPHAT_14_1_50,0.9680733327031924
IKS_26,ACCBM_20,0.9680214675443236
ITS_9,PIVOTS_TRAD_D_P,0.9679959863329721
MIDPRICE_2,SMMA_7,0.9679381934816284
PIVOTS_TRAD_D_R1,BBU_5_2.0_2.0,0.9679230915203286
SINWMA_14,ABER_XG_5_15,0.9679215763117532
SSF_20,BBU_5_2.0_2.0,0.9679067746149554
MIDPOINT_2,VWMA_10,0.9678867859774035
RMA_10,ABER_XG_5_15,0.9678346559532216
HILO_13_21,QTL_30_0.5,0.9678165815450094
HILO_13_21,MEDIAN_30,0.9678165815450094
ITS_9,ACCBL_20,0.9678026168958687
ALPHATl_14_1_50_2,KCUe_20_2,0.9677875385972976
HWL_1,VWMA_10,0.9677851954309477
SMMA_7,HT_TL,0.9676825639819123
PIVOTS_TRAD_D_P,SMA_10,0.9676635201940383
LINREG_14,SMMA_7,0.9676324493038232
ALPHATl_14_1_50_2,ABER_XG_5_15,0.9675041539162968
LINREG_14,BBU_5_2.0_2.0,0.9674938520936164
RMA_10,BBM_5_2.0_2.0,0.9674762761566961
PIVOTS_TRAD_D_P,ALPHAT_14_1_50,0.9674105110964994
ACCBM_20,VWMA_10,0.9673813097895785
AGt_13_8_5,JMA_7_0.0,0.9673796272364474
FWMA_10,MCGD_10,0.9673570123081802
High,VWMA_10,0.9672263582042823
JMA_7_0.0,PWMA_10,0.9672053071561152
ALMA_9_6.0_0.85,HWL_1,0.9671987222797556
DCL_20_20,DCM_20_20,0.9671643012876726
DEMA_10,KAMA_10_2_30,0.9671328621068183
HILO_13_21,PSARs_0.02_0.2,0.9671168121399963
CHDLREXTl_22_22_14_2.0,KCUe_20_2,0.9671157300546885
ZL_EMA_10,BBU_5_2.0_2.0,0.9671130484159193
ITS_9,PIVOTS_TRAD_D_R1,0.9671122086167249
ABER_ZG_5_15,HWL_1,0.9671101345378028
HMA_10,VWMA_10,0.9671080967041676
HWMA_0.2_0.1_0.1,LINREG_14,0.9670935939274805
LINREG_14,HWM_1,0.9670935939274804
MEDIAN_30,KCBe_20_2,0.9670786973646426
QTL_30_0.5,KCBe_20_2,0.9670786973646426
ALMA_9_6.0_0.85,ALPHATl_14_1_50_2,0.9670172948566534
BBM_5_2.0_2.0,HWL_1,0.9669930074309294
CHDLREXTl_22_22_14_2.0,DCM_20_20,0.9669334906756064
ALMA_9_6.0_0.85,SINWMA_14,0.9669290646825214
IKS_26,RMA_10,0.9669237465803321
PWMA_10,ACCBL_20,0.9668395057256923
FWMA_10,LDECAY_1,0.9668164549931543
MIDPRICE_2,ALPHAT_14_1_50,0.9667806152031803
CHDLREXTs_22_22_14_2.0,DCM_20_20,0.9667482539676974
JMA_7_0.0,KAMA_10_2_30,0.9667446234207784
High,LDECAY_1,0.9666255451653711
IKS_26,MCGD_10,0.9666210540956859
ABER_ZG_5_15,KCBe_20_2,0.966521627350048
MCGD_10,CHDLREXTl_22_22_14_2.0,0.9665149865746673
FISHERT_9_1,FISHERTs_9_1,0.9665054904432678
Low,PIVOTS_TRAD_D_R1,0.9664829620190807
LINREG_14,HWL_1,0.9664316108200063
ALPHATl_14_1_50_2,ABER_SG_5_15,0.9664230892613783
EMA_10,PIVOTS_TRAD_D_S1,0.966401275675772
WMA_10,HWM_1,0.9663180218969181
HWMA_0.2_0.1_0.1,WMA_10,0.9663180218969181
ALPHAT_14_1_50,DCM_20_20,0.9662328409835589
Adj Close,BBL_5_2.0_2.0,0.9662278138487814
HILOl_13_21,DCU_20_20,0.9661936715338071
HT_TL,DCU_20_20,0.9661808739217161
SMA_10,BBL_5_2.0_2.0,0.9661560347138632
AGt_13_8_5,BBU_5_2.0_2.0,0.9661365961629336
SINWMA_14,ABER_SG_5_15,0.9661288722041967
ABER_XG_5_15,HWM_1,0.9660768675230704
HWMA_0.2_0.1_0.1,ABER_XG_5_15,0.9660768675230704
HMA_10,BBU_5_2.0_2.0,0.9660489331292951
MIDPRICE_2,SMA_10,0.966028560756736
SSF3_20,BBU_5_2.0_2.0,0.9659623467954249
SINWMA_14,BBM_5_2.0_2.0,0.9659384440424411
Open,VWMA_10,0.9659048504414427
HILO_13_21,SMA_10,0.9658606614144737
LINREG_14,ALPHAT_14_1_50,0.9658350872864674
ALPHATl_14_1_50_2,BBM_5_2.0_2.0,0.965818272367115
ALPHAT_14_1_50,BBU_5_2.0_2.0,0.9657894164842042
SWMA_10,ZL_EMA_10,0.9657660990814951
Close,EMA_10,0.9657380153361809
PIVOTS_TRAD_D_R1,SWMA_10,0.9657313678730497
PIVOTS_TRAD_D_R1,PIVOTS_TRAD_D_R2,0.9657108856955139
CKSPs_10_3_20,CHDLREXTs_22_22_14_2.0,0.9656951298692079
MAMA_0.5_0.05,PIVOTS_TRAD_D_S3,0.9656715805761107
MAMA_0.5_0.05,PIVOTS_TRAD_D_S4,0.9656715805761107
JMA_7_0.0,TRIMA_10,0.9656394735331226
HILO_13_21,KAMA_10_2_30,0.9656207721361452
AGj_13_8_5,PWMA_10,0.9655176110573018
ABER_SG_5_15,KCBe_20_2,0.965448065086989
High,SMMA_7,0.9654376851092575
Adj Close,ABER_XG_5_15,0.9654335692096975
MIDPOINT_2,SMMA_7,0.9653265339539915
ALMA_9_6.0_0.85,HWMA_0.2_0.1_0.1,0.9653124880635978
ALMA_9_6.0_0.85,HWM_1,0.9653124880635978
AGj_13_8_5,ATRTSe_14_20_3.0,0.9652876481800862
ALMA_9_6.0_0.85,KCBe_20_2,0.9652672411843018
LDECAY_1,ABER_SG_5_15,0.9652512224350227
HWMA_0.2_0.1_0.1,BBM_5_2.0_2.0,0.9652480095307743
BBM_5_2.0_2.0,HWM_1,0.9652480095307742
AGl_13_8_5,LDECAY_1,0.9652384339851489
HWMA_0.2_0.1_0.1,ABER_ZG_5_15,0.9652310810932951
ABER_ZG_5_15,HWM_1,0.9652310810932949
SWMA_10,BBL_5_2.0_2.0,0.9651972133171287
IKS_26,KCLe_20_2,0.9651892768276806
SINWMA_14,PSARs_0.02_0.2,0.9651560586833402
ALPHATl_14_1_50_2,PSARs_0.02_0.2,0.9651548081357767
DCU_20_20,KCUe_20_2,0.9650561143672465
HILOl_13_21,CHDLREXTl_22_22_14_2.0,0.9650050322139839
Adj Close,ABER_ZG_5_15,0.9649707959067138
ABER_XG_5_15,KCBe_20_2,0.9649700666340654
SMIs_5_20_5_1.0,TSI_13_25_13,0.9648940840353132
ITS_9,TEMA_10,0.9648870753496993
AGt_13_8_5,CHDLREXTl_22_22_14_2.0,0.9648146339563641
PIVOTS_TRAD_D_P,BBU_5_2.0_2.0,0.9648067439072908
FWMA_10,HWL_1,0.9647723544599137
Adj Close,ALMA_9_6.0_0.85,0.9647654837248637
BBM_5_2.0_2.0,KCBe_20_2,0.964629990527336
IKS_26,CHDLREXTl_22_22_14_2.0,0.9646257338709676
Low,LINREG_14,0.9645339838584314
High,ALPHAT_14_1_50,0.9644644299395869
LINREG_14,SSF3_20,0.9644100432106625
JMA_7_0.0,SSF_20,0.9643806055477911
AGt_13_8_5,PIVOTS_TRAD_D_R1,0.9643732446134706
RMA_10,QTL_30_0.5,0.9643480863997841
RMA_10,MEDIAN_30,0.9643480863997841
SMA_10,HWL_1,0.9642981904488446
OHLC4,VWMA_10,0.9642977891812909
IKS_26,ACCBL_20,0.9642910486074978
K_9_3,STOCHk_14_3_3,0.9642350880209564
K_9_3,STOCHFd_14_3,0.9642350880209564
MIDPOINT_2,ALPHAT_14_1_50,0.9641944456672363
ITS_9,MIDPOINT_2,0.9641619335675992
AGj_13_8_5,WMA_10,0.9640858236580447
EMA_10,LDECAY_1,0.9640840553743726
SSF_20,KCUe_20_2,0.9640195619184743
ITS_9,DCM_20_20,0.9639935878017439
PIVOTS_TRAD_D_P,SWMA_10,0.9639460267352453
T3_10_0.7,DCM_20_20,0.9639423694181452
DEMA_10,KCLe_20_2,0.9639378536420162
ITS_9,BBU_5_2.0_2.0,0.9639318066775773
AGl_13_8_5,HWL_1,0.9638888216192734
SMMA_7,BBL_5_2.0_2.0,0.9638596949780434
Low,BBM_5_2.0_2.0,0.9637924256896802
SSF_20,HT_TL,0.9637663926611214
EMA_10,DCM_20_20,0.9636768570787902
FWMA_10,RMA_10,0.9636410912469154
IKS_26,HILO_13_21,0.9636153558763593
HILO_13_21,CHDLREXTl_22_22_14_2.0,0.963567996408843
HMA_10,SMMA_7,0.9635345111599067
WMA_10,LDECAY_1,0.9634606049812972
PWMA_10,ACCBM_20,0.9634340628899705
SMA_10,TEMA_10,0.9634183797715247
High,ITS_9,0.9633930205548829
HL2,VWMA_10,0.9633860861261883
SWMA_10,HWL_1,0.9633858190578876
PIVOTS_TRAD_D_R1,LDECAY_1,0.9633402864780335
MIDPOINT_2,LDECAY_1,0.9633014415398596
LINREG_14,SSF_20,0.9632364434411558
High,SMA_10,0.9632238109131683
QTL_30_0.5,CKSPl_10_3_20,0.963221315350055
MEDIAN_30,CKSPl_10_3_20,0.963221315350055
ALPHATl_14_1_50_2,CHDLREXTl_22_22_14_2.0,0.9631919431635908
HILO_13_21,ALPHAT_14_1_50,0.9630967853597457
FWMA_10,T3_10_0.7,0.9630687346869757
ACCBM_20,DCU_20_20,0.963030119207977
HILO_13_21,SWMA_10,0.9629804630970348
FWMA_10,HWMA_0.2_0.1_0.1,0.9629708378395613
FWMA_10,HWM_1,0.9629708378395613
MIDPOINT_2,SMA_10,0.9629562289930232
Open,SMMA_7,0.9628902157666144
LDECAY_1,BBM_5_2.0_2.0,0.9627823781186434
ITS_9,AGj_13_8_5,0.962773854859121
WMA_10,ACCBL_20,0.962733145280198
ACCBL_20,CHDLREXTl_22_22_14_2.0,0.9627159950392263
SMA_10,DCM_20_20,0.9626632211668938
ITS_9,HMA_10,0.9625412173447983
TEMA_10,BBU_5_2.0_2.0,0.9625128301339586
AGt_13_8_5,ZL_EMA_10,0.9625121406653039
HWMA_0.2_0.1_0.1,VWMA_10,0.9624903721064266
HWM_1,VWMA_10,0.9624903721064266
PWMA_10,BBL_5_2.0_2.0,0.9624560962552751
HMA_10,SMA_10,0.9624414979111199
JMA_7_0.0,KCLe_20_2,0.9624344147322051
DEMA_10,T3_10_0.7,0.9623451446989946
SMMA_7,TEMA_10,0.9623359878718387
VWAP_D,VWMA_10,0.962220008760968
HLC3,VWMA_10,0.962220008760968
IKS_26,CHDLREXTs_22_22_14_2.0,0.9622152811152782
AGt_13_8_5,PIVOTS_TRAD_D_P,0.9621082788950589
Open,ALPHAT_14_1_50,0.9620668532817012
SSF3_20,HWL_1,0.9620059322357679
PIVOTS_TRAD_D_P,PIVOTS_TRAD_D_S2,0.9619883882665428
MCGD_10,ACCBU_20,0.9619692056546513
Adj Close,ABER_SG_5_15,0.9619355198149876
ITS_9,HWL_1,0.9618783429580617
ZL_EMA_10,LDECAY_1,0.961777374680499
T3_10_0.7,HWL_1,0.9617675075885617
ALMA_9_6.0_0.85,LDECAY_1,0.9617392099248667
HMA_10,ALPHAT_14_1_50,0.9617020149905836
Low,ABER_XG_5_15,0.9616979797595873
HWMA_0.2_0.1_0.1,ABER_SG_5_15,0.9616793488189371
ABER_SG_5_15,HWM_1,0.9616793488189371
ALPHAT_14_1_50,BBL_5_2.0_2.0,0.9616580244495345
AGj_13_8_5,DCU_20_20,0.9616434885683697
JMA_7_0.0,SSF3_20,0.9616187405116483
Open,ITS_9,0.9616158969724287
Low,ABER_ZG_5_15,0.9616093940209163
TRIMA_10,DCM_20_20,0.9615856416779724
TEMA_10,ALPHAT_14_1_50,0.9615280448553454
T3_10_0.7,PSARs_0.02_0.2,0.9614979782781052
OHLC4,LDECAY_1,0.9614116419542483
HILO_13_21,HILOs_13_21,0.9613833577464506
OHLC4,SMMA_7,0.9613731042465543
EMA_10,HWL_1,0.9613629647855039
LDECAY_1,ABER_ZG_5_15,0.961335416729985
WCP,VWMA_10,0.9612370019437438
MIDPRICE_2,LDECAY_1,0.9611785323191232
Adj Close,WMA_10,0.9611716921405041
ITS_9,OHLC4,0.9611684793848932
AGt_13_8_5,MIDPRICE_2,0.9611471751371503
KAMA_10_2_30,PIVOTS_TRAD_D_R1,0.961115871770479
Open,SMA_10,0.9611016418245668
SSF_20,PSARs_0.02_0.2,0.9610960839732464
CHDLREXTl_22_22_14_2.0,KCLe_20_2,0.961052245742392
Open,LDECAY_1,0.9610286975235888
DEMA_10,LDECAY_1,0.961023617048339
MIDPRICE_2,SWMA_10,0.9610216769423885
OHLC4,ALPHAT_14_1_50,0.9610078531636449
HMA_10,SWMA_10,0.9609951318013303
PIVOTS_TRAD_D_R1,SSF_20,0.9609521320966204
KST_10_15_20_30_10_10_10_15,MACDs_12_26_9,0.960926881238746
ITS_9,HL2,0.9609216362567736
PIVOTS_TRAD_D_P,PIVOTS_TRAD_D_R2,0.9609180459139259
SWMA_10,TEMA_10,0.960864149323045
ABER_SG_5_15,HWL_1,0.9608559811592726
EMA_10,HILO_13_21,0.9608174542246043
DCM_20_20,VWMA_10,0.9607763366833171
PWMA_10,HWL_1,0.9607661209041258
JMA_7_0.0,HWL_1,0.9607504893104796
KAMA_10_2_30,ZL_EMA_10,0.9607470214101682
APO_12_26,PPO_12_26_9,0.9607318878088836
BBL_5_2.0_2.0,HWL_1,0.9607006898195625
FWMA_10,KCBe_20_2,0.9606901114380001
PIVOTS_TRAD_D_R1,TRIMA_10,0.9606723047461153
PWMA_10,ZL_EMA_10,0.9606285777616643
KST_10_15_20_30_10_10_10_15,PPOs_12_26_9,0.9605673711617062
Low,ALMA_9_6.0_0.85,0.9605277771118729
KAMA_10_2_30,LINREG_14,0.9605274719424677
KAMA_10_2_30,HT_TL,0.9605011722955261
Low,MAMA_0.5_0.05,0.9604963460165876
Low,BBL_5_2.0_2.0,0.9604526799018525
HLC3,LDECAY_1,0.9604388406295774
LDECAY_1,VWAP_D,0.9604388406295771
HL2,SMMA_7,0.9603211677039373
SSF3_20,DCM_20_20,0.9603053350705664
TRIMA_10,HWL_1,0.9602782344752141
AGl_13_8_5,DCM_20_20,0.960236930019863
MIDPRICE_2,BBU_5_2.0_2.0,0.9602359773747097
T3_10_0.7,BBU_5_2.0_2.0,0.9602344250898082
HL2,ALPHAT_14_1_50,0.9602224316965975
WCP,LDECAY_1,0.9602075325862192
SMMA_7,LDECAY_1,0.9601906996054981
FWMA_10,SINWMA_14,0.9601514096017262
HL2,LDECAY_1,0.9601402065066469
KAMA_10_2_30,KCUe_20_2,0.9599921100978034
KAMA_10_2_30,PIVOTS_TRAD_D_P,0.9599485412102343
SSF3_20,PSARs_0.02_0.2,0.9599423308225344
PIVOTS_TRAD_D_R1,PWMA_10,0.959885778172119
IKS_26,AGt_13_8_5,0.9598569147051235
JMA_7_0.0,HWM_1,0.959800864323871
HWMA_0.2_0.1_0.1,JMA_7_0.0,0.9598008643238709
ZL_EMA_10,HWL_1,0.9597627861938084
PSARs_0.02_0.2,ACCBM_20,0.9597405782704981
KAMA_10_2_30,MIDPRICE_2,0.9597224959893567
AGl_13_8_5,HWM_1,0.9597141830882259
AGl_13_8_5,HWMA_0.2_0.1_0.1,0.9597141830882259
SMI_5_20_5_1.0,SMIs_5_20_5_1.0,0.959710385259425
AGt_13_8_5,LINREG_14,0.959685653079073
HILO_13_21,VWMA_10,0.9596830037109503
HWMA_0.2_0.1_0.1,SMA_10,0.9595875872934521
SMA_10,HWM_1,0.9595875872934517
STDEV_30,VAR_30,0.9595580682117187
HILOl_13_21,ACCBM_20,0.9595563578999611
ITS_9,HLC3,0.9595015351236161
ITS_9,VWAP_D,0.9595015351236161
TRIMA_10,ZL_EMA_10,0.9594821763238724
ITS_9,ACCBM_20,0.9594049817071542
JMA_7_0.0,LDECAY_1,0.9594042652126595
Low,ABER_SG_5_15,0.9593864085071301
AO_5_34,MACD_12_26_9,0.9593359236428787
AO_5_34,STCmacd_10_12_26_0.5,0.9593359236428787
KCLe_20_2,KCUe_20_2,0.9592705609381655
SINWMA_14,BBU_5_2.0_2.0,0.9592205633003325
SMMA_7,VWAP_D,0.9592178632391075
HLC3,SMMA_7,0.9592178632391074
ZL_EMA_10,HWM_1,0.9591614575629688
HWMA_0.2_0.1_0.1,ZL_EMA_10,0.9591614575629686
SWMA_10,HWM_1,0.9591422818447713
HWMA_0.2_0.1_0.1,SWMA_10,0.9591422818447713
FWMA_10,ALPHATl_14_1_50_2,0.9591023282003572
ALPHAT_14_1_50,KCUe_20_2,0.9590902186830754
MIDPRICE_2,PIVOTS_TRAD_D_S2,0.9590445470340119
HLC3,ALPHAT_14_1_50,0.9590357846962227
ALPHAT_14_1_50,VWAP_D,0.9590357846962225
Adj Close,AGl_13_8_5,0.959027907469679
AGt_13_8_5,ACCBU_20,0.9590262221200622
ITS_9,PIVOTS_TRAD_D_S1,0.9590167690251375
TRIMA_10,BBL_5_2.0_2.0,0.9590148625717447
MCGD_10,PSARs_0.02_0.2,0.9589780013636217
HILO_13_21,PWMA_10,0.9589481902210104
DEMA_10,MCGD_10,0.9589409087990416
PIVOTS_TRAD_D_S1,VWMA_10,0.9588933307382698
OHLC4,SMA_10,0.9588877775062463
High,AGt_13_8_5,0.9588717153810971
ALPHATl_14_1_50_2,BBU_5_2.0_2.0,0.9588490659172274
DCM_20_20,KCUe_20_2,0.9587753041619772
DEMA_10,HWU_1,0.9587588060125761
JMA_7_0.0,MCGD_10,0.9587520009113556
Close,LDECAY_1,0.958745280766139
HMA_10,PIVOTS_TRAD_D_S2,0.9587373002272314
TRIMA_10,PSARs_0.02_0.2,0.9586834897338767
MIDPOINT_2,BBU_5_2.0_2.0,0.9586736836558545
SMMA_7,CHDLREXTl_22_22_14_2.0,0.9586608444549992
SSF_20,ZL_EMA_10,0.9586427803850486
FWMA_10,PIVOTS_TRAD_D_R2,0.9586106230887683
KAMA_10_2_30,BBU_5_2.0_2.0,0.9585989060176454
HWMA_0.2_0.1_0.1,TEMA_10,0.9585510274918863
TEMA_10,HWM_1,0.9585510274918861
ALMA_9_6.0_0.85,PIVOTS_TRAD_D_R2,0.958475030282022
ITS_9,WCP,0.9584735829780516
D_9_3,TMO_14_5_3,0.9584547511988074
TEMA_10,LDECAY_1,0.9584366501366941
SWMA_10,DCM_20_20,0.9584274625975348
High,BBU_5_2.0_2.0,0.9584171886510029
PIVOTS_TRAD_D_P,LDECAY_1,0.958393807968761
PIVOTS_TRAD_D_P,SSF_20,0.9583392578426231
PIVOTS_TRAD_D_P,TRIMA_10,0.9582962955771577
SMMA_7,WCP,0.9582817578809161
BBL_5_2.0_2.0,KCLe_20_2,0.9582641136616163
HILO_13_21,HILOl_13_21,0.9582328684375016
AGt_13_8_5,MIDPOINT_2,0.9582199852418029
TEMA_10,HWL_1,0.958191603164444
PIVOTS_TRAD_D_P,PWMA_10,0.9581148375881738
PIVOTS_TRAD_D_S2,ZL_EMA_10,0.9580755768265464
BBL_5_2.0_2.0,HWM_1,0.9580651436606661
HWMA_0.2_0.1_0.1,BBL_5_2.0_2.0,0.9580651436606659
EMA_10,KCUe_20_2,0.9580582416651027
WCP,ALPHAT_14_1_50,0.9580436339660066
PIVOTS_TRAD_D_R2,BBM_5_2.0_2.0,0.9580398767761277
ACCBL_20,KCUe_20_2,0.9579356508460344
PIVOTS_TRAD_D_R2,ZL_EMA_10,0.9579221486498246
ALPHATl_14_1_50_2,ACCBU_20,0.9578755124093371
PIVOTS_TRAD_D_R1,SSF3_20,0.9578741565841554
PIVOTS_TRAD_D_S2,TEMA_10,0.9578655958317944
TRIMA_10,KCUe_20_2,0.9578616868041613
WMA_10,ACCBM_20,0.9578566294787398
MCGD_10,BBU_5_2.0_2.0,0.9578496545658999
HL2,SMA_10,0.9578281558021903
PIVOTS_TRAD_D_R2,ABER_ZG_5_15,0.9577591615758211
PIVOTS_TRAD_D_P,KCLe_20_2,0.9577413330301452
SSF_20,HWL_1,0.9577406942877661
SMA_10,KCUe_20_2,0.95755616025568
ZL_EMA_10,KCLe_20_2,0.9574380678323287
HMA_10,PWMA_10,0.9574258947438281
MIDPRICE_2,KCLe_20_2,0.9573210612607174
High,SWMA_10,0.9573080893119537
RMA_10,BBU_5_2.0_2.0,0.9573022575171984
PIVOTS_TRAD_D_R2,ABER_SG_5_15,0.9572767893460588
Close,VWMA_10,0.9572611830624459
MCGD_10,QTL_30_0.5,0.9571966848386297
MCGD_10,MEDIAN_30,0.9571966848386297
ALPHAT_14_1_50,HT_TL,0.9571482510201591
MIDPOINT_2,SWMA_10,0.9571364554711277
SINWMA_14,ACCBU_20,0.9570760230806971
KAMA_10_2_30,BBL_5_2.0_2.0,0.95706938495061
AGt_13_8_5,LDECAY_1,0.9569387421818447
T3_10_0.7,HT_TL,0.9568648130254512
PIVOTS_TRAD_D_S1,BBU_5_2.0_2.0,0.9568383517966198
SINWMA_14,CHDLREXTl_22_22_14_2.0,0.9568163376884303
HWMA_0.2_0.1_0.1,SSF3_20,0.9568116440691592
SSF3_20,HWM_1,0.9568116440691592
AGt_13_8_5,BBL_5_2.0_2.0,0.9567794672407729
PIVOTS_TRAD_D_R1,KCLe_20_2,0.9567519214192106
RMA_10,PSARs_0.02_0.2,0.9567419568701636
High,KAMA_10_2_30,0.9567137135013164
EMA_10,HWM_1,0.956683028844784
EMA_10,HWMA_0.2_0.1_0.1,0.956683028844784
PWMA_10,HWM_1,0.9566768215062329
HWMA_0.2_0.1_0.1,PWMA_10,0.9566768215062326
DEMA_10,SINWMA_14,0.9566749727496053
KAMA_10_2_30,MIDPOINT_2,0.9566746522755368
DEMA_10,PIVOTS_TRAD_D_R2,0.9566430068843502
HLC3,SMA_10,0.9566108164421282
SMA_10,VWAP_D,0.9566108164421281
HMA_10,LDECAY_1,0.9565201757464374
MEDIAN_30,ACCBL_20,0.9564783192122388
QTL_30_0.5,ACCBL_20,0.9564783192122388
AGt_13_8_5,PSARs_0.02_0.2,0.9564741352807768
SSF_20,BBL_5_2.0_2.0,0.9564697473051139
PWMA_10,TEMA_10,0.9564634593532646
JMA_7_0.0,PIVOTS_TRAD_D_R2,0.9564045327593355
PSARs_0.02_0.2,KCBe_20_2,0.9563495543345559
JMA_7_0.0,PIVOTS_TRAD_D_S2,0.9562999794642268
AGl_13_8_5,HILO_13_21,0.9562900065302431
Open,AGt_13_8_5,0.9562051259290463
ITS_9,HWM_1,0.9561892345702798
ITS_9,HWMA_0.2_0.1_0.1,0.9561892345702798
PIVOTS_TRAD_D_P,HWL_1,0.9561505398491491
SSF3_20,KCUe_20_2,0.9560691924568304
IKS_26,KCUe_20_2,0.9559781869858635
PIVOTS_TRAD_D_R2,ABER_XG_5_15,0.9559247592081893
IKS_26,MEDIAN_30,0.9559152038040312
IKS_26,QTL_30_0.5,0.9559152038040312
AGt_13_8_5,HMA_10,0.9558856951441513
ATRTSe_14_20_3.0,KCBe_20_2,0.9558807572313434
HMA_10,PIVOTS_TRAD_D_R2,0.9558752929208476
MIDPOINT_2,PIVOTS_TRAD_D_S2,0.9558439131559034
BBU_5_2.0_2.0,KCLe_20_2,0.9558320067732818
LINREG_14,HWU_1,0.9558269838514253
SMA_10,PSARs_0.02_0.2,0.9557438163123043
IKS_26,KAMA_10_2_30,0.9557309255778691
SSF3_20,ZL_EMA_10,0.9556897992823364
SMA_10,LDECAY_1,0.9556890882356476
SMA_10,WCP,0.9556338487451562
MIDPRICE_2,PIVOTS_TRAD_D_R2,0.9555513623252013
KAMA_10_2_30,CHDLREXTl_22_22_14_2.0,0.9555234831838657
IKS_26,ALPHATl_14_1_50_2,0.9554736330144715
MIDPRICE_2,TRIMA_10,0.9554643080501011
MIDPRICE_2,SSF_20,0.9554521492338179
LDECAY_1,ABER_XG_5_15,0.9553346040520067
TRIMA_10,HWM_1,0.9553224831197171
HWMA_0.2_0.1_0.1,TRIMA_10,0.955322483119717
TRIMA_10,HT_TL,0.9552985146123291
Open,SWMA_10,0.9552484804034234
HMA_10,HWM_1,0.9552077874467381
HMA_10,HWMA_0.2_0.1_0.1,0.9552077874467381
T3_10_0.7,HWM_1,0.9551626489333219
HWMA_0.2_0.1_0.1,T3_10_0.7,0.9551626489333217
SSF3_20,BBL_5_2.0_2.0,0.9550552092619621
SWMA_10,PSARs_0.02_0.2,0.9550470489095906
PIVOTS_TRAD_D_P,SSF3_20,0.9550461014395165
BBU_5_2.0_2.0,KCBe_20_2,0.955037840459489
MIDPRICE_2,HWL_1,0.95497146981588
Low,WMA_10,0.9548964028892195
LDECAY_1,VWMA_10,0.9548728962362872
PIVOTS_TRAD_D_R2,WMA_10,0.9548577688926863
HMA_10,HWL_1,0.9547718539903546
SMMA_7,PSARs_0.02_0.2,0.9547206794566083
HILOs_13_21,HT_TL,0.9547174248913501
MIDPOINT_2,PIVOTS_TRAD_D_R2,0.9547169308871621
MCGD_10,PIVOTS_TRAD_D_R1,0.9547137130498408
IKS_26,SMMA_7,0.9546932542705221
PIVOTS_TRAD_D_S1,SMMA_7,0.9546342182424555
PIVOTS_TRAD_D_P,HWM_1,0.954622731563538
HWMA_0.2_0.1_0.1,PIVOTS_TRAD_D_P,0.9546227315635377
PIVOTS_TRAD_D_S1,ALPHAT_14_1_50,0.9546215616293575
Adj Close,EMA_10,0.9545684594110616
T3_10_0.7,KCUe_20_2,0.9545441183107327
DEMA_10,RMA_10,0.9545338828209486
MIDPRICE_2,PWMA_10,0.9544570263950035
Close,SMMA_7,0.9544428202042141
ALPHAT_14_1_50,CHDLREXTl_22_22_14_2.0,0.9544403260105246
SMA_10,HT_TL,0.9544392457556126
LINREG_14,KCLe_20_2,0.9543848912395484
CKSPl_10_3_20,ACCBU_20,0.9543752233461401
Open,KAMA_10_2_30,0.9543465928885623
AGt_13_8_5,OHLC4,0.9543310442394084
COPC_11_14_10,ENTP_10,0.9543284929163537
JMA_7_0.0,RMA_10,0.9543003572835362
EMA_10,HT_TL,0.9542858907695424
HMA_10,KAMA_10_2_30,0.9542763947223615
KAMA_10_2_30,TEMA_10,0.9542145908457206
PIVOTS_TRAD_D_R2,TEMA_10,0.9542081842782127
PIVOTS_TRAD_D_R1,HWL_1,0.9541626806721356
Close,ITS_9,0.9541566207529748
AGt_13_8_5,TEMA_10,0.9541563075217779
Open,BBU_5_2.0_2.0,0.9541431015858316
KAMA_10_2_30,LDECAY_1,0.954080696485918
Close,ALPHAT_14_1_50,0.954022977934517
SSF3_20,HT_TL,0.9540157101084374
DCU_20_20,KCBe_20_2,0.9539660931856646
SWMA_10,KCUe_20_2,0.9539451128584808
PSARs_0.02_0.2,ACCBL_20,0.9539442621729465
ACCBU_20,DCM_20_20,0.9538862249318809
DEMA_10,ALPHATl_14_1_50_2,0.9538836896836826
ABER_XG_5_15,ACCBL_20,0.9538350670272688
TEMA_10,TRIMA_10,0.9538079395007932
AGl_13_8_5,KCUe_20_2,0.953786147722805
AGl_13_8_5,PIVOTS_TRAD_D_R2,0.9537802623515589
RWIh_14,RWIl_14,0.9537342000723568
RVGI_14_4,RVGIs_14_4,0.9536603052852022
RMA_10,ATRTSe_14_20_3.0,0.9535409056778055
HMA_10,TRIMA_10,0.9535389909517864
PIVOTS_TRAD_D_S1,SMA_10,0.9535220030598394
MIDPRICE_2,HWM_1,0.95351194519921
HWMA_0.2_0.1_0.1,MIDPRICE_2,0.9535119451992097
MIDPOINT_2,KCLe_20_2,0.9534645539658744
JMA_7_0.0,T3_10_0.7,0.9533998265080948
LINREG_14,T3_10_0.7,0.9533496370686158
DEMA_10,PIVOTS_TRAD_D_S2,0.9532679710161026
MIDPOINT_2,HWL_1,0.9532530773762887
PIVOTS_TRAD_D_R1,HWM_1,0.9532395727841607
HWMA_0.2_0.1_0.1,PIVOTS_TRAD_D_R1,0.9532395727841605
AGt_13_8_5,HL2,0.9532176771831203
ALPHAT_14_1_50,PSARs_0.02_0.2,0.9532043410055141
KAMA_10_2_30,OHLC4,0.9531625600855552
FWMA_10,PIVOTS_TRAD_D_S2,0.9531552519007724
OHLC4,BBU_5_2.0_2.0,0.9531272769719081
MCGD_10,PIVOTS_TRAD_D_P,0.9531104263824717
MCGD_10,ZL_EMA_10,0.9530675515375128
PWMA_10,DCM_20_20,0.9528670384930823
PWMA_10,PSARs_0.02_0.2,0.9527009260244866
IKS_26,ACCBU_20,0.9526955435514047
STOCHk_14_3_3,STOCHd_14_3_3,0.9526669245037611
STOCHd_14_3_3,STOCHFd_14_3,0.952666924503761
FAMA_0.5_0.05,VIDYA_14,0.9526621083681371
LDECAY_1,BBU_5_2.0_2.0,0.9526554774902715
HL2,BBU_5_2.0_2.0,0.9526182966977701
AGj_13_8_5,ABER_ZG_5_15,0.9525699688513841
OHLC4,SWMA_10,0.9525112820480927
MCGD_10,MIDPRICE_2,0.9524305910828686
High,TRIMA_10,0.9523745715211813
High,SSF_20,0.9523465824074472
AGj_13_8_5,PSARs_0.02_0.2,0.9523125993715588
LINREG_14,LDECAY_1,0.9522725054062285
HMA_10,SSF_20,0.952248666959306
SSF_20,CHDLREXTl_22_22_14_2.0,0.9522351420086091
HL2,KAMA_10_2_30,0.9522235282441338
PIVOTS_TRAD_D_R2,BBU_5_2.0_2.0,0.952218523119222
ACCBL_20,ACCBU_20,0.9521233580942681
MIDPRICE_2,SSF3_20,0.9520981422929401
LINREG_14,PIVOTS_TRAD_D_R2,0.9520842252293605
Low,AGl_13_8_5,0.9520423437826071
HWMA_0.2_0.1_0.1,MIDPOINT_2,0.9520213996881014
MIDPOINT_2,HWM_1,0.9520213996881013
High,KCLe_20_2,0.9520205719983061
AGt_13_8_5,VWAP_D,0.9520066243782142
AGt_13_8_5,HLC3,0.9520066243782142
AGj_13_8_5,ABER_SG_5_15,0.9519917514220436
MCGD_10,ATRTSe_14_20_3.0,0.9519749588567027
PIVOTS_TRAD_D_R1,RMA_10,0.9519181151337462
EMA_10,PIVOTS_TRAD_D_R2,0.9517412701235208
RMA_10,DCU_20_20,0.9517261302853229
MIDPOINT_2,SSF_20,0.9517212735543132
Close,SMA_10,0.9517025355116353
Open,PIVOTS_TRAD_D_R2,0.951650576199977
HWMA_0.2_0.1_0.1,SSF_20,0.9516438141910594
SSF_20,HWM_1,0.9516438141910593
ITS_9,HILO_13_21,0.9515862967399936
MIDPOINT_2,TRIMA_10,0.9515664947868349
HLC3,BBU_5_2.0_2.0,0.951526231775269
BBU_5_2.0_2.0,VWAP_D,0.951526231775269
CMO_14,SMI_5_20_5_1.0,0.9515153930386819
RSI_14,SMI_5_20_5_1.0,0.9515153930386817
HL2,SWMA_10,0.95151081966735
High,PIVOTS_TRAD_D_R2,0.9515054204088714
BBM_5_2.0_2.0,HWU_1,0.9514678171971697
SMMA_7,ACCBU_20,0.9514596389517458
ABER_SG_5_15,HWU_1,0.951452373440207
COPC_11_14_10,SQZPRO_20_2.0_20_2.0_1.5_1.0,0.9513601769118768
COPC_11_14_10,SQZ_20_2.0_20_1.5,0.9513601769118768
Open,KCLe_20_2,0.9513585441668536
PSARs_0.02_0.2,VWMA_10,0.9513566685857422
ABER_ZG_5_15,HWU_1,0.9513327795973163
SMMA_7,HWL_1,0.9513314991956995
ALMA_9_6.0_0.85,HWU_1,0.9513214337711028
WMA_10,DCM_20_20,0.9513079821367771
PSARs_0.02_0.2,KCLe_20_2,0.9511983394069567
KAMA_10_2_30,VWAP_D,0.9511780857059404
HLC3,KAMA_10_2_30,0.9511780857059404
AGj_13_8_5,ALMA_9_6.0_0.85,0.951172640977253
JMA_7_0.0,KCBe_20_2,0.9511416721401208
PIVOTS_TRAD_D_S2,PIVOTS_TRAD_D_R1,0.9511272286807974
SSF_20,TEMA_10,0.9511006102851279
DEMA_10,KCBe_20_2,0.9510389400699553
AGt_13_8_5,WCP,0.9510024663979966
WMA_10,HWU_1,0.951000603441098
PIVOTS_TRAD_D_R1,T3_10_0.7,0.9508415605594787
WCP,BBU_5_2.0_2.0,0.9507652674650414
JMA_7_0.0,ALPHATl_14_1_50_2,0.9507409191363849
AGj_13_8_5,HILOl_13_21,0.9506807998978373
MEDIAN_30,DCM_20_20,0.9506798998017139
QTL_30_0.5,DCM_20_20,0.9506798998017139
AGj_13_8_5,ABER_XG_5_15,0.9505650364946704
PIVOTS_TRAD_D_S1,SWMA_10,0.950468287305863
IKS_26,SINWMA_14,0.9504548431916091
ALPHAT_14_1_50,LDECAY_1,0.9504365827214525
AGj_13_8_5,BBM_5_2.0_2.0,0.9504231348127931
High,PWMA_10,0.9503458424390776
KAMA_10_2_30,WCP,0.9502771063001306
Open,HWL_1,0.9502286837344575
HMA_10,KCLe_20_2,0.9501366215299765
OHLC4,KCLe_20_2,0.9500874535950578
MIDPOINT_2,PWMA_10,0.9500815463764843
HLC3,SWMA_10,0.9500661354061545
SWMA_10,VWAP_D,0.9500661354061544
ABER_ZG_5_15,ACCBL_20,0.9500388998106448
Open,TRIMA_10,0.9500383013643529
Open,SSF_20,0.9500372365540417
SSF_20,LDECAY_1,0.9500291312225007
